-- phpMyAdmin SQL Dump
-- version 5.2.1
-- https://www.phpmyadmin.net/
--
-- Host: 127.0.0.1
-- Generation Time: Jan 06, 2025 at 06:55 AM
-- Server version: 10.4.32-MariaDB
-- PHP Version: 8.2.12

SET SQL_MODE = "NO_AUTO_VALUE_ON_ZERO";
START TRANSACTION;
SET time_zone = "+00:00";


/*!40101 SET @OLD_CHARACTER_SET_CLIENT=@@CHARACTER_SET_CLIENT */;
/*!40101 SET @OLD_CHARACTER_SET_RESULTS=@@CHARACTER_SET_RESULTS */;
/*!40101 SET @OLD_COLLATION_CONNECTION=@@COLLATION_CONNECTION */;
/*!40101 SET NAMES utf8mb4 */;

--
-- Database: `cgvdb`
--

DELIMITER $$
--
-- Procedures
--
CREATE DEFINER=`root`@`localhost` PROCEDURE `addNewSeat` (IN `input_room_id` INT)   BEGIN
    DECLARE block CHAR(1);
    DECLARE seat_number INT;

    -- Blocks to iterate over (A to H)
    SET block = 'A';

    -- Iterate over blocks A to H
    WHILE block <= 'H' DO
        SET seat_number = 1;
        
        -- For each block, iterate through seat numbers 1 to 10
        WHILE seat_number <= 10 DO
            INSERT INTO seat (seat_row, seat_name, seat_room, seat_status)
            VALUES (block, CONCAT(block, seat_number), input_room_id, 0); -- Default status set to 0
            SET seat_number = seat_number + 1;
        END WHILE;
        
        -- Move to the next block (A to H)
        SET block = CHAR(ASCII(block) + 1);
    END WHILE;
END$$

DELIMITER ;

-- --------------------------------------------------------

--
-- Table structure for table `admin`
--

CREATE TABLE `admin` (
  `admin_id` int(11) NOT NULL,
  `admin_email` varchar(50) NOT NULL,
  `admin_password` varchar(200) NOT NULL,
  `admin_name` varchar(50) NOT NULL,
  `admin_gender` varchar(10) NOT NULL
) ENGINE=InnoDB DEFAULT CHARSET=utf8 COLLATE=utf8_general_ci;

--
-- Dumping data for table `admin`
--

INSERT INTO `admin` (`admin_id`, `admin_email`, `admin_password`, `admin_name`, `admin_gender`) VALUES
(5, 'admin@gmail.com', '21232f297a57a5a743894a0e4a801fc3', 'KIỀU CHÍ NGUYỆN', 'Nam');

-- --------------------------------------------------------

--
-- Table structure for table `booking`
--

CREATE TABLE `booking` (
  `booking_id` int(11) NOT NULL,
  `booking_user` int(11) NOT NULL,
  `booking_movie` int(11) NOT NULL,
  `booking_theater` int(11) NOT NULL,
  `booking_seat` varchar(3) NOT NULL,
  `booking_ticket` varchar(10) NOT NULL,
  `booking_time` datetime NOT NULL,
  `trangthai_tt` int(11) DEFAULT 0,
  `payment_method` varchar(255) DEFAULT 'at the counter',
  `temp_money` decimal(10,2) DEFAULT NULL
) ENGINE=InnoDB DEFAULT CHARSET=utf8 COLLATE=utf8_general_ci;

--
-- Dumping data for table `booking`
--

INSERT INTO `booking` (`booking_id`, `booking_user`, `booking_movie`, `booking_theater`, `booking_seat`, `booking_ticket`, `booking_time`, `trangthai_tt`, `payment_method`, `temp_money`) VALUES
(4, 1, 1, 1, 'A5', 'Vé Phim 3D', '2020-04-18 21:45:39', 0, 'online', 63000.00),
(5, 1, 1, 1, 'A1', 'Vé Phim 2D', '2020-04-18 22:02:55', 0, 'online', 45000.00),
(6, 1, 1, 1, 'C7', 'Vé Phim 3D', '2020-04-19 00:26:35', 0, 'at the counter', 75000.00),
(7, 1, 1, 9, 'A4', 'Vé Phim 3D', '2020-04-20 22:51:50', 0, 'at the counter', 75000.00),
(8, 1, 1, 9, 'A8', 'Vé Phim 3D', '2020-04-20 22:51:50', 0, 'at the counter', 75000.00),
(9, 1, 1, 9, 'D7', 'Vé Phim 3D', '2020-04-20 22:51:50', 0, 'at the counter', 75000.00),
(10, 12, 1, 1, 'A6', 'Vé Phim 2D', '2020-04-22 13:15:24', 0, 'at the counter', NULL),
(11, 12, 1, 1, 'C6', 'Vé Phim 2D', '2020-04-22 13:15:24', 0, 'at the counter', NULL),
(12, 12, 1, 1, 'D3', 'Vé Phim 2D', '2020-04-22 13:15:24', 0, 'at the counter', NULL),
(13, 12, 1, 1, 'F7', 'Vé Phim 2D', '2020-04-22 13:15:24', 0, 'at the counter', NULL),
(14, 1, 11, 1, 'E4', 'Vé Phim 2D', '2020-04-27 00:05:34', 0, 'at the counter', 45000.00),
(15, 1, 11, 1, 'E5', 'Vé Phim 2D', '2020-04-27 00:05:34', 0, 'at the counter', 45000.00),
(16, 1, 10, 2, 'A3', 'Vé Phim 3D', '2020-04-27 00:35:33', 0, 'online', 60500.00),
(17, 1, 10, 2, 'A5', 'Vé Phim 3D', '2020-04-27 00:35:33', 0, 'at the counter', 75000.00),
(18, 1, 10, 2, 'A6', 'Vé Phim 3D', '2020-04-27 00:35:33', 0, 'online', 75000.00),
(20, 1, 11, 1, 'C1', 'Vé Phim 2D', '2020-04-27 16:39:58', 0, 'at the counter', 45000.00),
(21, 1, 11, 1, 'C2', 'Vé Phim 2D', '2020-04-27 16:39:58', 0, 'at the counter', 45000.00),
(22, 1, 11, 1, 'C3', 'Vé Phim 2D', '2020-04-27 16:39:58', 0, 'online', 45000.00),
(23, 1, 11, 1, 'C4', 'Vé Phim 2D', '2020-04-27 16:39:58', 0, 'at the counter', 45000.00),
(24, 1, 11, 1, 'C6', 'Vé Phim 2D', '2020-04-27 16:39:58', 0, 'at the counter', 45000.00),
(25, 1, 11, 1, 'C7', 'Vé Phim 2D', '2020-04-27 16:39:58', 0, 'at the counter', 45000.00),
(26, 1, 11, 1, 'C5', 'Vé Phim 2D', '2020-04-27 16:39:58', 0, 'at the counter', 45000.00),
(27, 1, 11, 1, 'C8', 'Vé Phim 2D', '2020-04-27 16:39:58', 0, 'at the counter', 45000.00),
(28, 1, 11, 1, 'C9', 'Vé Phim 2D', '2020-04-27 16:39:58', 0, 'at the counter', 45000.00),
(29, 1, 11, 1, 'C10', 'Vé Phim 2D', '2020-04-27 16:39:59', 0, 'at the counter', 45000.00),
(30, 1, 5, 5, 'D1', 'Vé Phim 3D', '2020-04-27 16:41:53', 0, 'at the counter', 75000.00),
(31, 1, 5, 5, 'D8', 'Vé Phim 3D', '2020-04-27 16:41:53', 0, 'at the counter', 75000.00),
(32, 1, 5, 5, 'D10', 'Vé Phim 3D', '2020-04-27 16:41:53', 0, 'at the counter', 75000.00),
(42, 1, 11, 1, 'A5', 'Vé Phim 2D', '2020-04-28 02:31:50', 0, 'at the counter', 45000.00),
(43, 1, 11, 1, 'A6', 'Vé Phim 2D', '2020-04-28 02:31:50', 0, 'at the counter', 45000.00),
(44, 1, 14, 3, 'C2', 'Vé Phim 3D', '2020-04-28 18:39:50', 0, 'at the counter', 75000.00),
(45, 1, 14, 3, 'C7', 'Vé Phim 3D', '2020-04-28 18:39:50', 0, 'at the counter', 75000.00),
(46, 1, 14, 3, 'C10', 'Vé Phim 3D', '2020-04-28 18:39:50', 0, 'at the counter', 75000.00),
(47, 1, 14, 3, 'A4', 'Vé Phim 3D', '2020-04-30 22:57:44', 0, 'at the counter', 75000.00),
(48, 1, 14, 3, 'A5', 'Vé Phim 3D', '2020-04-30 22:57:44', 0, 'at the counter', 75000.00),
(49, 1, 14, 3, 'A6', 'Vé Phim 3D', '2020-04-30 22:57:44', 0, 'online', 54000.00),
(50, 1, 14, 2, 'A5', 'Vé Phim 2D', '2020-04-30 23:01:06', 0, 'at the counter', 45000.00),
(51, 1, 14, 2, 'A6', 'Vé Phim 2D', '2020-04-30 23:01:06', 0, 'online', 45000.00),
(63, 18, 15, 14, 'H5', 'Vé Phim 2D', '2024-12-02 20:23:19', 0, 'at the counter', NULL),
(64, 18, 15, 14, 'H6', 'Vé Phim 2D', '2024-12-02 20:23:19', 0, 'at the counter', NULL),
(65, 18, 16, 1, '', 'Vé Phim 2D', '2024-12-02 20:48:07', 0, 'at the counter', NULL),
(66, 18, 17, 14, 'H5', 'Vé Phim 2D', '2024-12-02 20:55:55', 0, 'at the counter', NULL),
(67, 18, 17, 14, 'H6', 'Vé Phim 2D', '2024-12-02 20:55:55', 0, 'at the counter', NULL),
(68, 18, 17, 14, 'H7', 'Vé Phim 2D', '2024-12-02 20:55:55', 0, 'at the counter', NULL),
(70, 19, 16, 1, '', 'Vé Phim 3D', '2024-12-11 01:40:37', 1, 'online', 63000.00),
(71, 19, 5, 1, '', 'Vé Phim 2D', '2024-12-11 01:50:39', 1, 'at the counter', 34000.00),
(72, 19, 16, 1, '', 'Vé Phim 2D', '2024-12-11 01:56:06', 0, 'online', 33000.00),
(73, 19, 16, 1, '', 'Vé Phim 2D', '2024-12-11 01:56:24', 0, 'at the counter', 33000.00),
(74, 19, 16, 1, '', 'Vé Phim 2D', '2024-12-11 01:56:41', 0, 'at the counter', 33000.00),
(75, 19, 16, 1, '', 'Vé Phim 2D', '2024-12-11 01:57:40', 0, 'at the counter', 33000.00),
(76, 19, 16, 1, '', 'Vé Phim 2D', '2024-12-11 02:31:47', 0, 'at the counter', 33000.00),
(77, 19, 16, 1, '', 'Vé Phim 2D', '2024-12-11 02:31:55', 0, 'at the counter', 33000.00),
(78, 19, 16, 1, '', 'Vé Phim 2D', '2024-12-11 02:32:17', 0, 'at the counter', 33000.00),
(79, 19, 16, 1, '', 'Vé Phim 2D', '2024-12-11 02:37:33', 0, 'at the counter', 33000.00),
(80, 19, 16, 1, '', 'Vé Phim 2D', '2024-12-11 02:37:40', 0, 'at the counter', 33000.00),
(81, 19, 16, 1, '', 'Vé Phim 2D', '2024-12-11 02:43:15', 0, 'online', 33000.00),
(82, 19, 16, 1, '', 'Vé Phim 2D', '2024-12-11 02:49:12', 0, 'at the counter', 33000.00),
(83, 19, 16, 1, '', 'Vé Phim 2D', '2024-12-11 02:51:02', 0, 'at the counter', 33000.00),
(84, 19, 16, 1, '', 'Vé Phim 2D', '2024-12-11 02:54:21', 0, 'at the counter', 33000.00),
(85, 19, 16, 1, '', 'Vé Phim 2D', '2024-12-11 02:55:25', 0, 'online', 23000.00),
(86, 19, 16, 1, '', 'Vé Phim 2D', '2024-12-11 02:58:59', 0, 'at the counter', 45000.00),
(87, 19, 16, 1, '', 'Vé Phim 2D', '2024-12-11 03:03:23', 0, 'at the counter', 30500.00),
(88, 19, 16, 1, '', 'Vé Phim 2D', '2024-12-11 03:07:48', 0, 'at the counter', 45000.00),
(89, 19, 16, 1, '', 'Vé Phim 2D', '2024-12-11 03:08:14', 0, 'at the counter', 45000.00),
(90, 19, 16, 1, '', 'Vé Phim 2D', '2024-12-11 03:14:38', 0, 'online', 45000.00),
(91, 19, 16, 1, '', 'Vé Phim 2D', '2024-12-11 03:20:59', 0, 'online', 45000.00),
(92, 19, 16, 1, '', 'Vé Phim 2D', '2024-12-11 03:41:32', 0, 'online', 45000.00),
(93, 19, 16, 1, '', 'Vé Phim 2D', '2024-12-11 03:43:19', 0, 'online', 45000.00),
(94, 19, 16, 1, '', 'Vé Phim 2D', '2024-12-21 13:56:42', 0, 'online', 45000.00),
(95, 19, 5, 1, '', 'Vé Phim 2D', '2024-12-21 14:24:29', 0, 'online', 33000.00),
(96, 21, 1, 1, 'G4', 'Vé Phim 2D', '2024-12-23 01:23:59', 0, 'online', 24000.00),
(97, 1, 10, 14, 'A4', 'Vé Phim 3D', '2024-12-23 15:18:48', 0, 'at the counter', NULL),
(98, 1, 10, 14, 'A5', 'Vé Phim 3D', '2024-12-23 15:18:48', 0, 'at the counter', NULL),
(99, 22, 10, 14, 'A1', 'Vé Phim 3D', '2024-12-23 15:23:32', 1, 'online', 52000.00),
(100, 22, 10, 14, 'A2', 'Vé Phim 3D', '2024-12-23 15:23:32', 0, 'online', 75000.00),
(101, 22, 19, 14, 'A1', 'Vé Phim 2D', '2024-12-24 16:08:44', 0, 'at the counter', 45000.00),
(102, 22, 19, 14, 'A2', 'Vé Phim 2D', '2024-12-24 16:08:44', 0, 'at the counter', 45000.00),
(103, 22, 19, 14, 'A3', 'Vé Phim 2D', '2024-12-24 16:08:44', 0, 'at the counter', 45000.00),
(104, 22, 19, 14, 'A4', 'Vé Phim 2D', '2024-12-24 16:08:44', 0, 'at the counter', 45000.00),
(105, 22, 19, 14, 'A5', 'Vé Phim 2D', '2024-12-24 16:08:44', 0, 'at the counter', 45000.00),
(106, 22, 19, 14, 'A6', 'Vé Phim 2D', '2024-12-24 16:08:44', 0, 'at the counter', 45000.00),
(107, 22, 19, 14, 'A7', 'Vé Phim 2D', '2024-12-24 16:08:44', 0, 'at the counter', 45000.00),
(108, 22, 19, 14, 'A8', 'Vé Phim 2D', '2024-12-24 16:08:44', 0, 'at the counter', 45000.00),
(109, 22, 19, 14, 'A9', 'Vé Phim 2D', '2024-12-24 16:08:44', 0, 'at the counter', 45000.00),
(110, 22, 19, 14, 'A10', 'Vé Phim 2D', '2024-12-24 16:08:44', 0, 'at the counter', 45000.00),
(111, 22, 19, 14, 'B1', 'Vé Phim 2D', '2024-12-24 16:08:44', 0, 'at the counter', 45000.00),
(112, 22, 19, 14, 'B2', 'Vé Phim 2D', '2024-12-24 16:08:44', 0, 'at the counter', 45000.00),
(113, 22, 19, 14, 'B3', 'Vé Phim 2D', '2024-12-24 16:08:44', 0, 'at the counter', 45000.00),
(114, 22, 19, 14, 'B4', 'Vé Phim 2D', '2024-12-24 16:08:44', 0, 'online', 45000.00),
(115, 22, 19, 14, 'B5', 'Vé Phim 2D', '2024-12-24 16:08:44', 0, 'at the counter', 45000.00),
(116, 22, 19, 14, 'B7', 'Vé Phim 2D', '2024-12-24 16:08:44', 0, 'at the counter', 45000.00),
(117, 22, 19, 14, 'B6', 'Vé Phim 2D', '2024-12-24 16:08:44', 0, 'at the counter', 45000.00),
(118, 22, 19, 14, 'B9', 'Vé Phim 2D', '2024-12-24 16:08:44', 0, 'at the counter', 45000.00),
(119, 22, 19, 14, 'B8', 'Vé Phim 2D', '2024-12-24 16:08:44', 0, 'at the counter', 45000.00),
(120, 22, 19, 14, 'B10', 'Vé Phim 2D', '2024-12-24 16:08:44', 0, 'online', 45000.00),
(121, 23, 24, 13, 'A1', 'Vé Phim 3D', '2024-12-28 22:17:11', 0, 'at the counter', NULL);

-- --------------------------------------------------------

--
-- Table structure for table `category_ticket`
--

CREATE TABLE `category_ticket` (
  `id` int(11) NOT NULL,
  `name` varchar(20) NOT NULL,
  `price` varchar(20) NOT NULL,
  `category_ticket_room` varchar(10) NOT NULL
) ENGINE=InnoDB DEFAULT CHARSET=utf8 COLLATE=utf8_general_ci;

--
-- Dumping data for table `category_ticket`
--

INSERT INTO `category_ticket` (`id`, `name`, `price`, `category_ticket_room`) VALUES
(1, 'Vé Phim 2D', '45000', 'Phòng 1'),
(2, 'Vé Phim 3D', '75000', 'Phòng 2 ');

-- --------------------------------------------------------

--
-- Table structure for table `code_khuyen_mai`
--

CREATE TABLE `code_khuyen_mai` (
  `id_khuyen_mai` int(11) NOT NULL,
  `ma_so_khuyen_mai` varchar(50) NOT NULL,
  `ten_khuyen_mai` varchar(100) DEFAULT NULL,
  `gia_tri_khuyen_mai` decimal(10,2) DEFAULT NULL,
  `ngay_bat_dau` date DEFAULT NULL,
  `ngay_ket_thuc` date DEFAULT NULL,
  `trang_thai` tinyint(4) DEFAULT 1,
  `mo_ta` text DEFAULT NULL
) ENGINE=InnoDB DEFAULT CHARSET=utf8 COLLATE=utf8_bin;

--
-- Dumping data for table `code_khuyen_mai`
--

INSERT INTO `code_khuyen_mai` (`id_khuyen_mai`, `ma_so_khuyen_mai`, `ten_khuyen_mai`, `gia_tri_khuyen_mai`, `ngay_bat_dau`, `ngay_ket_thuc`, `trang_thai`, `mo_ta`) VALUES
(11, 'TdRb18', 'chaoxuan', 12000.00, '2024-12-21', '2024-12-24', 1, ''),
(12, '7pyyy0', 'tanxuan1', 11000.00, '2024-12-21', '2024-12-24', 1, ''),
(15, 'a5yVrN', 'noel', 14500.00, '2024-12-22', '2024-12-27', 1, ''),
(16, 'cpX0e8', 'Tet duong lich', 21000.00, '2024-12-22', '2024-12-26', 1, 'vip'),
(17, 'Ik6arp', 'Tết 2025', 23000.00, '2024-12-23', '2024-12-25', 1, '');

-- --------------------------------------------------------

--
-- Table structure for table `dat_nhieu_ve`
--

CREATE TABLE `dat_nhieu_ve` (
  `id_dv` int(11) NOT NULL,
  `id_user` int(11) DEFAULT NULL,
  `movie_id` int(11) DEFAULT NULL,
  `booking_tk` varchar(10) DEFAULT NULL,
  `ngay_tao` timestamp NOT NULL DEFAULT current_timestamp(),
  `trang_thai_tt` tinyint(1) DEFAULT 0,
  `hinhthuctt` varchar(20) DEFAULT NULL
) ENGINE=InnoDB DEFAULT CHARSET=utf8mb4 COLLATE=utf8mb4_general_ci;

-- --------------------------------------------------------

--
-- Table structure for table `food`
--

CREATE TABLE `food` (
  `food_id` int(11) NOT NULL,
  `food_name` varchar(20) NOT NULL,
  `food_price` int(11) NOT NULL,
  `food_promo` int(11) NOT NULL
) ENGINE=InnoDB DEFAULT CHARSET=utf8 COLLATE=utf8_general_ci;

--
-- Dumping data for table `food`
--

INSERT INTO `food` (`food_id`, `food_name`, `food_price`, `food_promo`) VALUES
(1, 'Bắp', 40000, 0),
(2, 'Nước Ngọt', 40000, 0),
(3, 'Combo Bắp + Nước', 75000, 0);

-- --------------------------------------------------------

--
-- Table structure for table `movie`
--

CREATE TABLE `movie` (
  `movie_id` int(11) NOT NULL,
  `movie_name` varchar(50) NOT NULL,
  `movie_directors` varchar(50) NOT NULL,
  `movie_cast` varchar(200) NOT NULL,
  `movie_cate` varchar(50) NOT NULL,
  `movie_date` date NOT NULL,
  `movie_time` varchar(50) NOT NULL,
  `movie_language` varchar(50) NOT NULL,
  `movie_rate` varchar(50) NOT NULL,
  `movie_img` text NOT NULL,
  `movie_decription` varchar(500) NOT NULL,
  `movie_trailer` text NOT NULL,
  `id_theaters` int(11) DEFAULT NULL
) ENGINE=InnoDB DEFAULT CHARSET=utf8 COLLATE=utf8_general_ci;

--
-- Dumping data for table `movie`
--

INSERT INTO `movie` (`movie_id`, `movie_name`, `movie_directors`, `movie_cast`, `movie_cate`, `movie_date`, `movie_time`, `movie_language`, `movie_rate`, `movie_img`, `movie_decription`, `movie_trailer`, `id_theaters`) VALUES
(1, 'LINH MIÊU', 'Lưu Thành Luân', 'Hồng Đào, Thiên An, Thuỳ Tiên, Văn Anh, Samuel An,', 'Kinh Dị', '2024-11-22', '109 phút', 'Tiếng Việt - Phụ đề Tiếng Anh', 'C18 - PHIM CẤM KHÁN GIẢ DƯỚI 18 TUỔI', 'https://i.imgur.com/9Kmqfwm.jpeg', 'Linh Miêu: Quỷ Nhập Tràng lấy cảm hứng từ truyền thuyết dân gian về “quỷ nhập tràng” để xây dựng cốt truyện. Phim lồng ghép những nét văn hóa đặc trưng của Huế như nghệ thuật khảm sành - một văn hóa đặc sắc của thời nhà Nguyễn, đề cập đến các vấn đề về giai cấp và quan điểm trọng nam khinh nữ. Đặc biệt, hình ảnh rước kiệu thây ma và những hình nhân giấy không chỉ biểu trưng cho tai ương hay điềm dữ mà còn là hiện thân của nghiệp quả.', 'https://www.youtube.com/embed/4oxoPMxBO6s', NULL),
(3, 'CU LI KHÔNG BAO GIỜ KHÓC', 'Phạm Ngọc Lân', 'NSND Minh Châu, Hoàng Hà, Hà Phương, Xuân An', 'Gia đình, Tâm Lý, Tình cảm', '2024-11-15', '91 phút', 'Tiếng Việt - Phụ đề Tiếng Anh', 'C16 - PHIM CẤM KHÁN GIẢ DƯỚI 16 TUỔI', 'https://i.imgur.com/d361OON.jpeg', 'Sau đám tang người chồng cũ ở nước ngoài, bà Nguyện quay lại Hà Nội với một bình tro và một con cu li nhỏ - loài linh trưởng đặc hữu của bán đảo Đông Dương. Về tới nơi, bà phát hiện ra cô cháu gái mang bầu đang vội vã chuẩn bị đám cưới. Lo sợ cô đi theo vết xe đổ của đời mình, bà kịch liệt phản đối. Bộ phim Cu Li Không Bao Giờ Khóc khéo léo pha trộn đời sống hiện tại và những dư âm phức tạp của lịch sử Việt Nam bằng cách đan xen hoài niệm về quá khứ của người dì lớn tuổi và dự cảm về tương lai đ', 'https://www.youtube.com/embed/kMjlJkmt5nk', NULL),
(4, 'TEE YOD: QUỶ ĂN TẠNG PHẦN 2', 'Taweewat Wantha', 'Nadech Kugimiya, Denise Jelilcha Kapaun, Mim Rattawadee Wongthong', 'Kinh Dị', '2024-10-18', '111 phút', 'Tiếng Thái - Phụ đề Tiếng Việt và Tiếng Anh', 'C18 - PHIM CẤM KHÁN GIẢ DƯỚI 18 TUỔI', 'https://i.imgur.com/RRJkL57.jpeg', 'Ba năm sau cái chết của Yam, Yak vẫn tiếp tục săn lùng linh hồn bí ẩn mặc áo choàng đen. Gặp một cô gái có triệu chứng giống Yam, Yak phát hiện ra người bảo vệ linh hồn, pháp sư ẩn dật Puang, sống trong một khu rừng đầy nguy hiểm. Giữa những phép thuật ma quỷ và những sinh vật nguy hiểm. Khi họ đuổi theo linh hồn mặc áo choàng đen, tiếng kêu đầy ám ảnh của Tee Yod sắp quay trở lại một lần nữa...', 'https://www.youtube.com/embed/vHONH3M9RYU', NULL),
(5, 'ROBOT HOANG DÃ', ' Chris Sanders', 'Pedro Pascal, Catherine', 'ia đình, Hoạt Hình', '2024-10-11', '102 Phút', 'Tiếng Anh - Phụ đề Tiếng Việt; Lồng tiếng', 'P - PHIM DÀNH CHO MỌI ĐỐI TƯỢNG', 'https://i.imgur.com/9dboOFa.jpeg', 'Cuộc phiêu lưu hoành tráng theo chân hành trình của một robot — đơn vị ROZZUM 7134, gọi tắt là Roz. Roz vô tình dạt vào hoang đảo sau một sự cố và nơi đây trở thành địa điểm sống mới của cô. Tại đây, Roz kết thân và nhận nuôi một chú ngỗng con, đặt tên là Brightbill. Roz và Brightbill dần dần thân thiết với các bạn thú trên đảo, song sau đó phải chống chọi, bảo vệ “nhà mới” trước sự xâm lăng của nhà máy từng sản xuất ra Roz.', 'https://www.youtube.com/embed/2l8_FNIBWLM', NULL),
(7, 'OZI: PHI VỤ RỪNG XANH', 'Tim Harper', '.', 'Hoạt Hình', '2024-11-15', '87 phút', 'Tiếng Anh – Phụ đề & Lồng tiếng Việ', 'P - PHIM DÀNH CHO MỌI ĐỐI TƯỢNG', 'https://i.imgur.com/xSVsVci.jpeg', 'Câu chuyện xoay quanh Ozi, một cô đười ươi mồ côi có tầm ảnh hưởng, sử dụng những kỹ năng học được để bảo vệ khu rừng và ngôi nhà của mình khỏi sự tàn phá của nạn phá rừng. Đây là một bộ phim đầy hy vọng, truyền cảm hứng cho thế hệ trẻ mạnh dạn cất tiếng nói và hành động để bảo vệ ngôi nhà chung quý giá.', 'https://www.youtube.com/embed/tyHPFFnDuZY', NULL),
(8, 'VÕ SĨ GIÁC ĐẤU II', 'Ridley Scott', 'Paul Mescal, Joseph Quinn, Pedro Pascal, Connie Nielsen, Denzel Washington,…', 'Hành Động, Phiêu Lưu, Tâm Lý', '2024-11-15', '147 phút', 'Tiếng Anh - Phụ đề Tiếng Việt', 'C18 - PHIM CẤM KHÁN GIẢ DƯỚI 18 TUỔI', 'https://i.imgur.com/RoPSMfn.jpeg', 'Sau khi đánh mất quê hương vào tay hoàng đế bạo chúa – người đang cai trị Rome, Lucius trở thành nô lệ giác đấu trong đấu trường Colosseum và phải tìm kiếm sức mạnh từ quá khứ để đưa vinh quang trở lại cho người dân Rome.\r\n', 'https://www.youtube.com/embed/R4AFSgUGEEs', NULL),
(10, 'THẦN DƯỢC', 'Coralie Fargeat', 'Demi Moore, Margaret Qualley, Dennis Quaid', 'Kinh Dị', '2024-11-01', '139 phút', 'Tiếng Anh - Phụ đề Tiếng Việt', 'C18 - PHIM CẤM KHÁN GIẢ DƯỚI 18 TUỔI', 'https://i.imgur.com/Qlaakp0.png', 'Elizabeth Sparkle, minh tinh sở hữu vẻ đẹp hút hồn cùng với tài năng được mến mộ nồng nhiệt. Khi đã trải qua thời kỳ đỉnh cao, nhan sắc dần tàn phai, cô tìm đến những kẻ buôn lậu để mua một loại thuốc bí hiểm nhằm “thay da đổi vận\", tạo ra một phiên bản trẻ trung hơn của chính mình.', 'https://www.youtube.com/embed/zBIDSp17AOo', NULL),
(11, 'VENOM: KÈO CUỐI', 'Kelly Marcel', 'Tom Hardy, Juno Temple, Chiwetel Ejiofor', 'Hành Động, Khoa Học Viễn Tưởng', '2024-10-25', '109 phút', 'Tiếng Anh - Phụ đề Tiếng Việt', 'C13 - PHIM CẤM KHÁN GIẢ DƯỚI 13 TUỔI', 'https://i.imgur.com/vwMHMbN.jpeg', 'Đây là phần phim cuối cùng và hoành tráng nhất về cặp đôi Venom và Eddie Brock (Tom Hardy). Sau khi dịch chuyển từ Vũ trụ Marvel trong ‘Spider-man: No way home’ (2021) trở về thực tại, Eddie Brock giờ đây cùng Venom sẽ phải đối mặt với ác thần Knull hùng mạnh - kẻ tạo ra cả chủng tộc Symbiote và những thế lực đang rình rập khác. Cặp đôi Eddie và Venom sẽ phải đưa ra lựa quyết định khốc liệt để hạ màn kèo cuối này.', 'https://www.youtube.com/embed/id1rfr_KZWg', NULL),
(14, 'ĐÔI BẠN HỌC YÊU', 'E.Oni', 'Kim Go Eun, Steve Sanghyun Noh', 'Hài, Tình cảm', '2024-05-30', '118 Phút', 'Tiếng Hàn - Phụ đề tiếng Việt, tiếng Anh', 'C18 - PHIM CẤM KHÁN GIẢ DƯỚI 18 TUỔI', 'https://i.imgur.com/Sx75cuu.jpeg', 'Bộ phim xoay quanh đôi bạn ngỗ nghịch Jae-hee và Heung-soo cùng những khoảnh khắc “dở khóc dở cười” khi cùng chung sống trong một ngôi nhà. Jae-hee là một cô gái “cờ xanh” với tâm hồn tự do, sống hết mình với tình yêu. Ngược lại, Heung-soo lại là một “cờ đỏ” chính hiệu khi cho rằng tình yêu là sự lãng phí cảm xúc không cần thiết. Bỏ qua những tin đồn lan tràn do người khác tạo ra, Jae-hee và Heung-soo chọn sống chung nhưng yêu theo cách riêng của họ. Hai quan điểm tình yêu trái ngược sẽ đẩy cả h', 'https://www.youtube.com/embed/EIARKqcXILM', NULL),
(15, 'NGÀY XƯA CÓ MỘT CHUYỆN TÌNH', 'Trịnh Đình Lê Minh', 'Avin Lu, Ngọc Xuân, Đỗ Nhật Hoàng, Thanh Tú, Bảo Tiên, Hạo Khang', 'Tình cảm', '2024-10-28', '135 phút', 'Tiếng Việt - Phụ đề Tiếng Anh', 'C16 - PHIM CẤM KHÁN GIẢ DƯỚI 16 TUỔI', 'https://i.imgur.com/dvtFVvf.jpeg', 'Ngày Xưa Có Một Chuyện Tình xoay quanh câu chuyện tình bạn, tình yêu giữa hai chàng trai và một cô gái từ thuở ấu thơ cho đến khi trưởng thành, phải đối mặt với những thử thách của số phận. Trải dài trong 4 giai đoạn từ năm 1987 - 2000, ba người bạn cùng tuổi - Vinh, Miền, Phúc đã cùng yêu, cùng bỡ ngỡ bước vào đời, va vấp và vượt qua.', 'https://www.youtube.com/embed/qaeHlk0OXec', NULL),
(16, 'CƯỜI XUYÊN BIÊN GIỚI', 'KIM Chang-ju', 'Ryu Seung-ryong , Jin Sun-kyu, Igor Rafael P EDROSO', 'Hài', '2024-11-15', '113 phút', 'Tiếng Hàn - Phụ đề tiếng Việt, lồng tiếng Việt', 'C13 - PHIM CẤM KHÁN GIẢ DƯỚI 13 TUỔI', 'https://i.imgur.com/cK0uEsk.jpeg', 'Cười Xuyên Biên Giới kể về hành trình của Jin-bong (Ryu Seung-ryong) - cựu vô địch bắn cung quốc gia, sau khi nghỉ hưu, anh đã trở thành một nhân viên văn phòng bình thường. Đứng trước nguy cơ bị sa thải, Jin-bong phải nhận một nhiệm vụ bất khả thi là bay đến nửa kia của trái đất trong nỗ lực tuyệt vọng để sinh tồn. Sống sót sau một sự cố đe doạ tính mạng, Jin-bong đã “hạ cánh” xuống khu rừng Amazon, nơi anh gặp bộ ba thổ dân bản địa có kỹ năng bắn cung thượng thừa: Sika, Eeba và Walbu. Tin rằng', 'https://www.youtube.com/embed/4ALt4VT7grw', NULL),
(17, 'CHIẾN ĐỊA TỬ THI', 'Kongkiat Komesiri', 'Nonkul, Awat Ratanapintha, Supitcha Sangkhachinda, Akkarat Nimitchai, Thawatchanin Darayon,', 'Kinh Dị', '2024-11-20', '104 phút 5', 'Tiếng Thái - Phụ đề Tiếng Việt và Tiếng Anh', 'C18 - PHIM CẤM KHÁN GIẢ DƯỚI 18 TUỔI', 'https://i.imgur.com/uCu4fcR.jpeg', 'Chiến Địa Tử Thi lấy bối cảnh miền Nam Thái Lan trong một cuộc xâm lược ít được biết đến của quân đội Nhật Bản thời kỳ Thế chiến 2. Mek (Nonkul) là một hạ sĩ quan trong quân đội Thái Lan mang tình yêu lớn với đất nước, sẵn sàng hy sinh thân mình vì đại cuộc. Ngược lại, người em trai Mok (Awat Rattanaphinta) là một chàng trai trẻ thích tự do, không bao giờ muốn trở thành một người lính như cha và anh trai mình. Đối với Mok, việc tham gia chiến tranh giống như vứt bỏ mạng sống một cách vô ích. Tuy', 'https://www.youtube.com/embed/k_uHgoVKppU', NULL),
(18, 'QUỶ TREO ĐẦU', 'Bo Nipan Chawcharernpon', 'Khun Chanon Ukkharachata, Aniporn Chalermburanawong', 'Kinh Dị', '2024-11-29', '97 phút', 'Tiếng Thái - Phụ đề Tiếng Việt và Tiếng Anh', 'C18 - PHIM CẤM KHÁN GIẢ DƯỚI 18 TUỔI', 'https://i.imgur.com/LTTN4kp.jpeg', 'Petai & Nicha - cặp đôi trẻ đẹp liên tục bị quấy phá sau khi chuyển đến ngôi nhà gia truyền của Nicha.Từ những tiếng động cót két chói tai đến những cái chết mất xác; tất cả đều xuất phát từ một lời nguyền cổ xưa ma quái.', 'https://www.youtube.com/embed/kyx3M2Kcyyo', NULL),
(19, 'CÔNG TỬ BẠC LIÊU', 'Lý Minh Thắng', 'Song Luân, NSƯT Thành Lộc, Kaity Nguyễn, Đoàn Thiên Ân, Công Dương, NS Thanh Thủy, NSƯT Hữu Châu,…', 'Hài, Tâm Lý, Tiểu Sử', '2024-12-06', '113 phút', 'Tiếng Việt - Phụ đề Tiếng Anh', 'C13 - PHIM CẤM KHÁN GIẢ DƯỚI 13 TUỔI', 'https://i.imgur.com/a5Q9s1f.jpeg', 'Lấy cảm hứng từ giai thoại nổi tiếng của nhân vật được mệnh danh là thiên hạ đệ nhất chơi ngông, Công Tử Bạc Liêu là bộ phim tâm lý hài hước, lấy bối cảnh Nam Kỳ Lục Tỉnh xưa của Việt Nam. BA HƠN - Con trai được thương yêu hết mực của ông Hội đồng Lịnh vốn là chủ ngân hàng đầu tiên tại Việt Nam, sau khi du học Pháp về đã sử dụng cả gia sản của mình vào những trò vui tiêu khiển, ăn chơi trác tán – nên được người dân gọi bằng cái tên Công Tử Bạc Liêu.\r\n', 'https://www.youtube.com/embed/7oVbS8zQxQ0', NULL),
(20, 'CHỊ DÂU', 'Khương Ngọc', 'Việt Hương, Hồng Đào, Lê Khánh, Đinh Y Nhung, Ngọc Trinh', 'Hài, Tâm Lý', '2024-12-20', '100 phút', 'Tiếng Việt', 'C16 - PHIM CẤM KHÁN GIẢ DƯỚI 16 TUỔI', 'https://i.imgur.com/m78IZEx.jpeg', 'Chuyện bắt đầu khi bà Nhị - con dâu cả của gia đình quyết định nhân dịp đám giỗ của mẹ chồng, tụ họp cả bốn chị em gái - con ruột trong nhà lại để thông báo chuyện sẽ tự bỏ tiền túi ra sửa sang căn nhà từ đường cũ kỹ trước khi bão về. Vấn đề này khiến cho nội bộ gia đình bắt đầu có những lục đục, chị dâu và các em chồng cũng xảy ra mâu thuẫn, bất hoà. Dần dà những sự thật đằng sau việc \"bằng mặt mà không bằng lòng\" giữa các chị em cũng dần được hé lộ, những bí mật, nỗi đau sâu thẳm nhất trong mỗ', 'https://www.youtube.com/embed/XU4oplOtoQo', NULL),
(24, '404 – CHẠY NGAY ĐI', 'Pichaya Jarusboonpracha', 'Chantavit Dhanasevi, Kanyawee Songmuang, Pittaya Saechua, Chukiat Eiamsook, Supatat Ophat', 'Hài, Kinh Dị', '2024-12-27', '104 phút', 'Tiếng Thái - Phụ đề Tiếng Việt; Lồng tiếng Việt', 'C16 - PHIM CẤM KHÁN GIẢ DƯỚI 16 TUỔI', 'https://i.imgur.com/crSHwky.jpeg', 'Kế hoạch “phông bạt” về chiếc khách sạn hạng sang…trong “sang chấn” của tên lừa đảo Nakrob nhanh chóng tan thành mây khói trong 1 nốt nhạc do “chủ cũ” không rủ cũng hiện về đòi quyền sở hữu đất. Bất ổn Thái Lan màn combat tơi bời hoa lá hẹ giữa hội sợ ma và vong hồn chủ cũ trong trận chiến tâm linh không thể đỉnh hơn với 1001 “chiêu thức” hài là chính nhưng hù thì dính nha!', 'https://www.youtube.com/embed/bTJ-fHJopAI', NULL);

-- --------------------------------------------------------

--
-- Table structure for table `news`
--

CREATE TABLE `news` (
  `news_id` int(11) NOT NULL,
  `news_title` varchar(200) NOT NULL,
  `news_imgS` text NOT NULL,
  `news_imgL` text NOT NULL,
  `new_content` varchar(20000) NOT NULL
) ENGINE=InnoDB DEFAULT CHARSET=utf8 COLLATE=utf8_general_ci;

--
-- Dumping data for table `news`
--

INSERT INTO `news` (`news_id`, `news_title`, `news_imgS`, `news_imgL`, `new_content`) VALUES
(1, 'CGV CULTURE DAY', './img/CGV-CRM-TEAM-CULTURE-DAY-NEW-2019-ARTWORK-1-240X201.jpg', './img/CGV-CRM-TEAM-CULTURE-DAY-NEW-2019-ARTWORK-1-350X495.jpg', '<p style=\"margin-right: 0px; margin-bottom: 0px; margin-left: 0px; padding: 0px; font-family: \" helvetica=\"\" neue\",=\"\" verdana,=\"\" arial,=\"\" sans-serif;=\"\" font-size:=\"\" 14px;\"=\"\"><strong style=\"margin: 0px; padding: 0px; font-weight: bold;\"><span style=\"margin: 0px; padding: 0px;\">Với sự ủng hộ của khách hàng trong nhiều năm qua, CGV đã và đang thực hiện mục tiêu mang điện ảnh đến gần hơn với tất cả mọi người. Xuất phát từ tinh thần này, CGV áp dụng chính sách giá vé đặc biệt dành cho ngày thứ 2 cuối cùng của mỗi tháng:&nbsp;đồng giá vé 50.000đ/vé 2D tại các rạp CGV ở Hồ Chí Minh, Hà Nội, và CGV Vincom Đà Nẵng; và 45.000đ/vé 2D tại các rạp còn lại.</span></strong></p><p style=\"margin-right: 0px; margin-bottom: 0px; margin-left: 0px; padding: 0px; font-family: \" helvetica=\"\" neue\",=\"\" verdana,=\"\" arial,=\"\" sans-serif;=\"\" font-size:=\"\" 14px;\"=\"\"><span style=\"margin: 0px; padding: 0px;\">&nbsp;</span></p><p style=\"margin-right: 0px; margin-bottom: 0px; margin-left: 0px; padding: 0px; font-family: \" helvetica=\"\" neue\",=\"\" verdana,=\"\" arial,=\"\" sans-serif;=\"\" font-size:=\"\" 14px;\"=\"\"><span style=\"margin: 0px; padding: 0px;\">Cũng trong ngày này, CGV Combo (2 nước lớn + 1 bắp lớn) được bán với giá “sốc” chỉ:</span></p><p style=\"margin-right: 0px; margin-bottom: 0px; margin-left: 0px; padding: 0px; font-family: \" helvetica=\"\" neue\",=\"\" verdana,=\"\" arial,=\"\" sans-serif;=\"\" font-size:=\"\" 14px;\"=\"\"><span style=\"margin: 0px; padding: 0px;\">- 85.000đ tại các rạp Hà Nội và Hồ Chí Minh</span></p><p style=\"margin-right: 0px; margin-bottom: 0px; margin-left: 0px; padding: 0px; font-family: \" helvetica=\"\" neue\",=\"\" verdana,=\"\" arial,=\"\" sans-serif;=\"\" font-size:=\"\" 14px;\"=\"\"><span style=\"margin: 0px; padding: 0px;\">- 75.000đ tại các rạp ở những tỉnh thành khác</span></p><p style=\"margin-right: 0px; margin-bottom: 0px; margin-left: 0px; padding: 0px; font-family: \" helvetica=\"\" neue\",=\"\" verdana,=\"\" arial,=\"\" sans-serif;=\"\" font-size:=\"\" 14px;\"=\"\"><br></p><p style=\"margin-right: 0px; margin-bottom: 0px; margin-left: 0px; padding: 0px; font-family: \" helvetica=\"\" neue\",=\"\" verdana,=\"\" arial,=\"\" sans-serif;=\"\" font-size:=\"\" 14px;\"=\"\"><strong style=\"margin: 0px; padding: 0px; font-weight: bold;\"><span style=\"margin: 0px; padding: 0px;\">Điều khoản và điều kiện:</span></strong></p><p style=\"margin-right: 0px; margin-bottom: 0px; margin-left: 0px; padding: 0px; font-family: \" helvetica=\"\" neue\",=\"\" verdana,=\"\" arial,=\"\" sans-serif;=\"\" font-size:=\"\" 14px;\"=\"\"><span style=\"margin: 0px; padding: 0px;\">- Áp dụng cho khách hàng đặt vé online hoặc tại quầy (Giá&nbsp;<strong style=\"margin: 0px; padding: 0px; font-weight: bold;\">CGV Combo</strong>&nbsp;chỉ áp dụng&nbsp;<strong style=\"margin: 0px; padding: 0px; font-weight: bold;\">mua tại quầy</strong>)</span></p><p style=\"margin-right: 0px; margin-bottom: 0px; margin-left: 0px; padding: 0px; font-family: \" helvetica=\"\" neue\",=\"\" verdana,=\"\" arial,=\"\" sans-serif;=\"\" font-size:=\"\" 14px;\"=\"\"><span style=\"margin: 0px; padding: 0px;\">- Áp dụng cho mọi loại ghế (bao gồm ghế Sweetbox)</span></p><p style=\"margin-right: 0px; margin-bottom: 0px; margin-left: 0px; padding: 0px; font-family: \" helvetica=\"\" neue\",=\"\" verdana,=\"\" arial,=\"\" sans-serif;=\"\" font-size:=\"\" 14px;\"=\"\"><span style=\"margin: 0px; padding: 0px;\">- Giá CGV Combo ở trên chưa bao gồm nâng cấp vị phô mai và caramel</span></p><p style=\"margin-right: 0px; margin-bottom: 0px; margin-left: 0px; padding: 0px; font-family: \" helvetica=\"\" neue\",=\"\" verdana,=\"\" arial,=\"\" sans-serif;=\"\" font-size:=\"\" 14px;\"=\"\"><span style=\"margin: 0px; padding: 0px;\">- Không áp dụng cho mua vé nhóm (Group Sales), Suất Chiếu Đặc Biệt, Suất Chiếu Sớm</span></p><p style=\"margin-right: 0px; margin-bottom: 0px; margin-left: 0px; padding: 0px; font-family: \" helvetica=\"\" neue\",=\"\" verdana,=\"\" arial,=\"\" sans-serif;=\"\" font-size:=\"\" 14px;\"=\"\">- Không áp dụng cho các phòng chiếu đặc biệt (4DX, IMAX, GOLDCLASS, L’amour, ScreenX, Starium, Premium, Cine &amp; Forêt, Cine &amp; Living Room)</p><p style=\"margin-right: 0px; margin-bottom: 0px; margin-left: 0px; padding: 0px; font-family: \" helvetica=\"\" neue\",=\"\" verdana,=\"\" arial,=\"\" sans-serif;=\"\" font-size:=\"\" 14px;\"=\"\"><span style=\"margin: 0px; padding: 0px;\">- Không áp dụng chung với chương trình khuyến mãi khác của CGV và đối tác</span></p><p style=\"margin-right: 0px; margin-bottom: 0px; margin-left: 0px; padding: 0px; font-family: \" helvetica=\"\" neue\",=\"\" verdana,=\"\" arial,=\"\" sans-serif;=\"\" font-size:=\"\" 14px;\"=\"\"><span style=\"margin: 0px; padding: 0px;\">- Không áp dụng cho các ngày lễ, tết.</span></p>'),
(2, 'DANH SÁCH CÁC RẠP PHỤC VỤ MÓN ĂN NÓNG', 'https://i.imgur.com/LzrtNoZ.png', 'https://i.imgur.com/thG5Mbb.png', '<p style=\"margin-right: 0px; margin-bottom: 0px; margin-left: 0px; padding: 0px; color: rgb(34, 34, 34); font-family: Verdana, Arial, sans-serif; font-size: 14px; background-color: rgb(253, 252, 240);\">CGV có đa dạng các món ăn nóng hổi, bạn có thể đến để thử ngay nhé!</p><p style=\"margin-right: 0px; margin-bottom: 0px; margin-left: 0px; padding: 0px; color: rgb(34, 34, 34); font-family: Verdana, Arial, sans-serif; font-size: 14px; background-color: rgb(253, 252, 240);\"><br style=\"margin: 0px; padding: 0px;\"><strong style=\"margin: 0px; padding: 0px; font-weight: bold;\">1. Mandu (nhân hải sản và nhân thịt heo)</strong></p><p style=\"margin-right: 0px; margin-bottom: 0px; margin-left: 0px; padding: 0px; color: rgb(34, 34, 34); font-family: Verdana, Arial, sans-serif; font-size: 14px; background-color: rgb(253, 252, 240);\"><strong style=\"margin: 0px; padding: 0px; font-weight: bold;\"><br style=\"margin: 0px; padding: 0px;\"></strong>- Bình Dương: CGV Bình Dương Square.</p><p style=\"margin-right: 0px; margin-bottom: 0px; margin-left: 0px; padding: 0px; color: rgb(34, 34, 34); font-family: Verdana, Arial, sans-serif; font-size: 14px; background-color: rgb(253, 252, 240);\">- Hà Nội: CGV Vincom Bà Triệu.</p><p style=\"margin-right: 0px; margin-bottom: 0px; margin-left: 0px; padding: 0px; color: rgb(34, 34, 34); font-family: Verdana, Arial, sans-serif; font-size: 14px; background-color: rgb(253, 252, 240);\">- TP. Hồ Chí Minh: CGV Vincom Landmark, CGV Hùng Vương Plaza, CGV Aeon Mall Bình Tân, CGV Aeon Tân Phú, CGV Sư Vạn Hạnhh, CGV CT Plaza, CGV Liberty Centre Point, CGV Liberty Tân Bình, CGV Pandora, CGV Pearl Plaza, CGV Saigonres Nguyễn Xí.</p><p style=\"margin-right: 0px; margin-bottom: 0px; margin-left: 0px; padding: 0px; color: rgb(34, 34, 34); font-family: Verdana, Arial, sans-serif; font-size: 14px; background-color: rgb(253, 252, 240);\"><br style=\"margin: 0px; padding: 0px;\"><strong style=\"margin: 0px; padding: 0px; font-weight: bold;\">2. Bánh trứng (tart trứng)</strong></p><p style=\"margin-right: 0px; margin-bottom: 0px; margin-left: 0px; padding: 0px; color: rgb(34, 34, 34); font-family: Verdana, Arial, sans-serif; font-size: 14px; background-color: rgb(253, 252, 240);\"><strong style=\"margin: 0px; padding: 0px; font-weight: bold;\"><br style=\"margin: 0px; padding: 0px;\"></strong>- Bình Dương: CGV Aeon Canary.</p><p style=\"margin-right: 0px; margin-bottom: 0px; margin-left: 0px; padding: 0px; color: rgb(34, 34, 34); font-family: Verdana, Arial, sans-serif; font-size: 14px; background-color: rgb(253, 252, 240);\">- Hà Nội: CGV Vincom Bà Triệu, CGV Vincom D Capitale, CGV Vincom Metropolis Liễu Giai, CGV Vincom Royal City, CGV Vincom Times City.</p><p style=\"margin-right: 0px; margin-bottom: 0px; margin-left: 0px; padding: 0px; color: rgb(34, 34, 34); font-family: Verdana, Arial, sans-serif; font-size: 14px; background-color: rgb(253, 252, 240);\">- Hải Phòng: CGV Aeon Hải Phòng.</p><p style=\"margin-right: 0px; margin-bottom: 0px; margin-left: 0px; padding: 0px; color: rgb(34, 34, 34); font-family: Verdana, Arial, sans-serif; font-size: 14px; background-color: rgb(253, 252, 240);\">- TP. Hồ Chí Minh: CGV Vincom Landmark, CGV Gmall Thủ Đức, CGV Hùng Vương Plaza, CGV Crescent Mall, CGV Vincom Mega Mall Grand Park.</p><p style=\"margin-right: 0px; margin-bottom: 0px; margin-left: 0px; padding: 0px; color: rgb(34, 34, 34); font-family: Verdana, Arial, sans-serif; font-size: 14px; background-color: rgb(253, 252, 240);\"><br style=\"margin: 0px; padding: 0px;\"><strong style=\"margin: 0px; padding: 0px; font-weight: bold;\">3. Hot dog</strong></p><p style=\"margin-right: 0px; margin-bottom: 0px; margin-left: 0px; padding: 0px; color: rgb(34, 34, 34); font-family: Verdana, Arial, sans-serif; font-size: 14px; background-color: rgb(253, 252, 240);\"><strong style=\"margin: 0px; padding: 0px; font-weight: bold;\"><br style=\"margin: 0px; padding: 0px;\"></strong>- TP. Hồ Chí Minh: CGV Vincom Landmark, CGV Hùng Vương Plaza, CGV Crescent Mall, CGV Aeon Mall Bình Tân, CGV Aeon Tân Phú, CGV Sư Vạn Hạnh, CGV Vincom Đồng Khởi, CGV Vivo City, CGV CT Plaza, CGV Liberty Centre Point, CGV Liberty Tân Bình, CGV Pandora, CGV Pearl Plaza, CGV Saigonres Nguyễn Xí, CGV Intresco Ly Chinh Thang, CGV Thảo Điền Mall, CGV Vincom Gò Vấp.</p><p style=\"margin-right: 0px; margin-bottom: 0px; margin-left: 0px; padding: 0px; color: rgb(34, 34, 34); font-family: Verdana, Arial, sans-serif; font-size: 14px; background-color: rgb(253, 252, 240);\"><br style=\"margin: 0px; padding: 0px;\"><strong style=\"margin: 0px; padding: 0px; font-weight: bold;\">4. Xúc xích</strong></p><p style=\"margin-right: 0px; margin-bottom: 0px; margin-left: 0px; padding: 0px; color: rgb(34, 34, 34); font-family: Verdana, Arial, sans-serif; font-size: 14px; background-color: rgb(253, 252, 240);\"><strong style=\"margin: 0px; padding: 0px; font-weight: bold;\"><br style=\"margin: 0px; padding: 0px;\"></strong>- Hà Nội: CGV Vincom Bà Triệu, CGV Vincom Royal City, CGV Vincom Times City.</p><p style=\"margin-right: 0px; margin-bottom: 0px; margin-left: 0px; padding: 0px; color: rgb(34, 34, 34); font-family: Verdana, Arial, sans-serif; font-size: 14px; background-color: rgb(253, 252, 240);\">- TP. Hồ Chí Minh: CGV Vincom Landmark, CGV Gmall Thủ Đức, CGV Hùng Vương Plaza, CGV Crescent Mall, CGV Aeon Mall Bình Tân, CGV Aeon Tân Phú, CGV Vincom Đồng Khởi, CGV Vivo City, CGV CT Plaza, CGV Liberty Centre Point, CGV Liberty Tân Bình, CGV Pandora, CGV Pearl Plaza, CGV Saigonres Nguyễn Xí, CGV Intresco Ly Chinh Thang, CGV Thảo Điền Mall, CGV Vincom Gò Vấp, CGV Vincom Thủ Đức, CGV Vincom Mega Mall Grand Park.</p><p style=\"margin-right: 0px; margin-bottom: 0px; margin-left: 0px; padding: 0px; color: rgb(34, 34, 34); font-family: Verdana, Arial, sans-serif; font-size: 14px; background-color: rgb(253, 252, 240);\"><br style=\"margin: 0px; padding: 0px;\"><strong style=\"margin: 0px; padding: 0px; font-weight: bold;\">5. Topokki (bánh gạo) lắc phô mai</strong></p><p style=\"margin-right: 0px; margin-bottom: 0px; margin-left: 0px; padding: 0px; color: rgb(34, 34, 34); font-family: Verdana, Arial, sans-serif; font-size: 14px; background-color: rgb(253, 252, 240);\"><strong style=\"margin: 0px; padding: 0px; font-weight: bold;\"><br style=\"margin: 0px; padding: 0px;\"></strong>- TP. Hồ Chí Minh: CGV Vincom Landmark, CGV Hùng Vương Plaza, CGV Aeon Mall Bình Tân, CGV Aeon Tân Phú, CGV Sư Vạn Hạnh, CGV CT Plaza, CGV Liberty Centre Point, CGV Liberty Tân Bình, CGV Pandora, CGV Pearl Plaza, CGV Saigonres Nguyễn Xí, CGV Vincom Thủ Đức.</p><p style=\"margin-right: 0px; margin-bottom: 0px; margin-left: 0px; padding: 0px; color: rgb(34, 34, 34); font-family: Verdana, Arial, sans-serif; font-size: 14px; background-color: rgb(253, 252, 240);\"><br style=\"margin: 0px; padding: 0px;\"><strong style=\"margin: 0px; padding: 0px; font-weight: bold;\">6. Mực n</strong><strong style=\"margin: 0px; padding: 0px; font-weight: bold;\">ư</strong><strong style=\"margin: 0px; padding: 0px; font-weight: bold;\">ớng b</strong><strong style=\"margin: 0px; padding: 0px; font-weight: bold;\">ơ</strong><strong style=\"margin: 0px; padding: 0px; font-weight: bold;\">&nbsp;</strong><strong style=\"margin: 0px; padding: 0px; font-weight: bold;\">đậu phộng</strong></p>'),
(3, '02 VÉ XEM PHIM 2D CHỈ VỚI 85K - NHẬP TIỆC CÙNG SEABANK', './img/240X201-1.jpg', './img/350x495-1.jpg', '<p style=\"margin-right: 0px; margin-bottom: 0px; margin-left: 0px; padding: 0px; color: rgb(34, 34, 34); font-family: &quot;Helvetica Neue&quot;, Verdana, Arial, sans-serif; font-size: 14px; text-align: justify; background-color: rgb(253, 252, 240);\">- Mua 02 vé xem phim 2D chỉ với 85.000 VNĐ khi đặt vé online qua website&nbsp;<strong style=\"margin: 0px; padding: 0px; font-weight: bold;\">CGV.vn</strong>&nbsp;hoặc&nbsp;<strong style=\"margin: 0px; padding: 0px; font-weight: bold;\">ứng dụng di động (app mobile)</strong>&nbsp;của&nbsp;<strong style=\"margin: 0px; padding: 0px; font-weight: bold;\">CGV</strong>&nbsp;bằng&nbsp;<strong style=\"margin: 0px; padding: 0px; font-weight: bold;\">thẻ quốc tế SeABank.</strong><br style=\"margin: 0px; padding: 0px;\">- Áp dụng từ 9h vào thứ năm đến chủ nhật hàng tuần. Từ 05/03/2020 đến 05/05/2020 (hoặc đến khi hết ngân sách chương trình).<br style=\"margin: 0px; padding: 0px;\">- Áp dụng tất cả Thẻ quốc tế SeABank (bao gồm cả thẻ chính và thẻ phụ).<br style=\"margin: 0px; padding: 0px;\"><br style=\"margin: 0px; padding: 0px;\"></p><p style=\"margin-right: 0px; margin-bottom: 0px; margin-left: 0px; padding: 0px; color: rgb(34, 34, 34); font-family: &quot;Helvetica Neue&quot;, Verdana, Arial, sans-serif; font-size: 14px; text-align: justify; background-color: rgb(253, 252, 240);\"><strong style=\"margin: 0px; padding: 0px; font-weight: bold;\">Điều kiện áp dụng:</strong><br style=\"margin: 0px; padding: 0px;\">- Số lượng vé ưu đãi cho khách hàng trong toàn bộ thời gian diễn ra chương trình: tối đa 592 suất ưu đãi.<br style=\"margin: 0px; padding: 0px;\">- Mỗi thẻ sẽ được áp dụng ưu đãi tối đa 5 lần trong toàn bộ thời gian chương trình.<br style=\"margin: 0px; padding: 0px;\">- Mỗi ngày áp dụng tối đa 100 suất ưu đãi<br style=\"margin: 0px; padding: 0px;\">- Chương trình có thể kết thúc trước thời hạn nếu số lượng vé ưu đãi tặng khách hàng đạt 592 suất trước thời gian kết thúc chương trình và theo quy tắc mua trước, hưởng khuyến mại trước.<br style=\"margin: 0px; padding: 0px;\">- SeABank giữ toàn quyền chấm dứt, thay đổi hay bằng cách khác xử lý chương trình khuyến mãi tại bất kỳ thời điểm nào, đảm bảo phù hợp với quy định của Pháp luật.<br style=\"margin: 0px; padding: 0px;\">- Nếu có thay đổi, bổ sung thể lệ của chương trình, SeABank sẽ có thông báo chính thức tại website www.seabank.com.vn<br style=\"margin: 0px; padding: 0px;\">- SeABank sẽ không chịu trách nhiệm cho bất kỳ khiếu nại, tổn thất, thiệt hại, chi phí mà bất kỳ cá nhân nào gánh chịu, dưới bất kỳ hình thức nào có liên quan đến hàng hóa/ dịch vụ mà khách hàng được cung cấp bởi các đối tác không phải SeABank.<br style=\"margin: 0px; padding: 0px;\">- Chủ thẻ có trách nhiệm lưu giữ lại hóa đơn mua hàng và hóa đơn thanh toán thẻ để phục vụ cho việc tra soát các giao dịch nghi ngờ gian lận.</p>'),
(4, 'NƯỚC NGỌT THẢ GA KHI MUA COMBO COCA', './img/240x201-3.jpg', './img/350x495-3.jpg', '<strong style=\"margin: 0px; padding: 0px; font-weight: bold; color: rgb(34, 34, 34); font-family: &quot;Helvetica Neue&quot;, Verdana, Arial, sans-serif; font-size: 14px; text-align: justify;\">Nội dung ưu đãi:</strong><span style=\"color: rgb(34, 34, 34); font-family: &quot;Helvetica Neue&quot;, Verdana, Arial, sans-serif; font-size: 14px; text-align: justify;\"></span><br style=\"margin: 0px; padding: 0px; color: rgb(34, 34, 34); font-family: &quot;Helvetica Neue&quot;, Verdana, Arial, sans-serif; font-size: 14px; text-align: justify;\"><span style=\"color: rgb(34, 34, 34); font-family: &quot;Helvetica Neue&quot;, Verdana, Arial, sans-serif; font-size: 14px; text-align: justify;\">- Khách hàng khi mua Combo Coca (bao gồm 1 bắp mix, 2 nước ngọt, 1 snack) giá 119,00 VNĐ, được tặng ngay 01 lần refill nước ngọt miễn phí.</span><br style=\"margin: 0px; padding: 0px; color: rgb(34, 34, 34); font-family: &quot;Helvetica Neue&quot;, Verdana, Arial, sans-serif; font-size: 14px; text-align: justify;\"><br style=\"margin: 0px; padding: 0px; color: rgb(34, 34, 34); font-family: &quot;Helvetica Neue&quot;, Verdana, Arial, sans-serif; font-size: 14px; text-align: justify;\"><strong style=\"margin: 0px; padding: 0px; font-weight: bold; color: rgb(34, 34, 34); font-family: &quot;Helvetica Neue&quot;, Verdana, Arial, sans-serif; font-size: 14px; text-align: justify;\">Kênh áp dụng ưu đãi:</strong><br style=\"margin: 0px; padding: 0px; color: rgb(34, 34, 34); font-family: &quot;Helvetica Neue&quot;, Verdana, Arial, sans-serif; font-size: 14px; text-align: justify;\"><span style=\"color: rgb(34, 34, 34); font-family: &quot;Helvetica Neue&quot;, Verdana, Arial, sans-serif; font-size: 14px; text-align: justify;\">- Trực tuyến trên ứng dụng CGV Cinemas hoặc trên trang chủ của CGV: www.cgv.vn</span><br style=\"margin: 0px; padding: 0px; color: rgb(34, 34, 34); font-family: &quot;Helvetica Neue&quot;, Verdana, Arial, sans-serif; font-size: 14px; text-align: justify;\"><span style=\"color: rgb(34, 34, 34); font-family: &quot;Helvetica Neue&quot;, Verdana, Arial, sans-serif; font-size: 14px; text-align: justify;\">- Trực tiếp tại quầy</span><br style=\"margin: 0px; padding: 0px; color: rgb(34, 34, 34); font-family: &quot;Helvetica Neue&quot;, Verdana, Arial, sans-serif; font-size: 14px; text-align: justify;\"><br style=\"margin: 0px; padding: 0px; color: rgb(34, 34, 34); font-family: &quot;Helvetica Neue&quot;, Verdana, Arial, sans-serif; font-size: 14px; text-align: justify;\"><strong style=\"margin: 0px; padding: 0px; font-weight: bold; color: rgb(34, 34, 34); font-family: &quot;Helvetica Neue&quot;, Verdana, Arial, sans-serif; font-size: 14px; text-align: justify;\">Điều kiện áp dụng:</strong><br style=\"margin: 0px; padding: 0px; color: rgb(34, 34, 34); font-family: &quot;Helvetica Neue&quot;, Verdana, Arial, sans-serif; font-size: 14px; text-align: justify;\"><span style=\"color: rgb(34, 34, 34); font-family: &quot;Helvetica Neue&quot;, Verdana, Arial, sans-serif; font-size: 14px; text-align: justify;\">- Áp dụng tại tất cả các rạp TP.Hồ Chí Minh, Hà Nội.</span><br style=\"margin: 0px; padding: 0px; color: rgb(34, 34, 34); font-family: &quot;Helvetica Neue&quot;, Verdana, Arial, sans-serif; font-size: 14px; text-align: justify;\"><span style=\"color: rgb(34, 34, 34); font-family: &quot;Helvetica Neue&quot;, Verdana, Arial, sans-serif; font-size: 14px; text-align: justify;\">- Số lượng quà tặng có hạn, chương trình có thể kết thúc sớm hơn dự kiến.</span><br style=\"margin: 0px; padding: 0px; color: rgb(34, 34, 34); font-family: &quot;Helvetica Neue&quot;, Verdana, Arial, sans-serif; font-size: 14px; text-align: justify;\"><span style=\"color: rgb(34, 34, 34); font-family: &quot;Helvetica Neue&quot;, Verdana, Arial, sans-serif; font-size: 14px; text-align: justify;\">- Coupon refill nước ngọt chỉ áp dụng đổi trong ngày xem phim.</span>'),
(5, 'GOM COMBO, “THỒ” QUÀ XỊN', './img/240x201-4.jpg', './img/350x495-4.jpg', '<ul style=\"font-family: Montserrat, sans-serif; font-size: 14px;\"><li style=\"\">Mua đủ 3 combo nhân vật, nhận 2 bộ muỗng đũa hoặc 2 túi quai vải đựng ly hoặc 1 ly LINE</li><li style=\"\">Mua đủ 5 combo nhân vật, nhận 1 ly Cheese Rat hoặc 1 chuột Avenger</li></ul>'),
(6, 'WOMEN COMBO', './img/240x201-6.jpg', './img/350x495-6.jpg', '<p style=\"margin-right: 0px; margin-bottom: 0px; margin-left: 0px; padding: 0px; color: rgb(34, 34, 34); font-family: &quot;Helvetica Neue&quot;, Verdana, Arial, sans-serif; font-size: 14px;\">Khách hàng khi mua&nbsp;<strong style=\"margin: 0px; padding: 0px; font-weight: bold;\">Women Combo</strong>&nbsp;( 1 ly nhân vật + 1 bắp lớn + 1 nước siêu lớn) giá 199.000 VNĐ, được tặng ngay 01 túi vải được bình nước hoặc 01 ống hút nhân vật cực cute.&nbsp;<br style=\"margin: 0px; padding: 0px;\"><br style=\"margin: 0px; padding: 0px;\"></p><p style=\"margin-right: 0px; margin-bottom: 0px; margin-left: 0px; padding: 0px; color: rgb(34, 34, 34); font-family: &quot;Helvetica Neue&quot;, Verdana, Arial, sans-serif; font-size: 14px;\"><strong style=\"margin: 0px; padding: 0px; font-weight: bold;\">Thời gian ưu đãi:&nbsp;</strong>Từ 03/03/2020 - 13/03/2020<strong style=\"margin: 0px; padding: 0px; font-weight: bold;\"></strong></p><p style=\"margin-right: 0px; margin-bottom: 0px; margin-left: 0px; padding: 0px; color: rgb(34, 34, 34); font-family: &quot;Helvetica Neue&quot;, Verdana, Arial, sans-serif; font-size: 14px;\"><br style=\"margin: 0px; padding: 0px;\"><br style=\"margin: 0px; padding: 0px;\"></p><p style=\"margin-right: 0px; margin-bottom: 0px; margin-left: 0px; padding: 0px; color: rgb(34, 34, 34); font-family: &quot;Helvetica Neue&quot;, Verdana, Arial, sans-serif; font-size: 14px;\"><strong style=\"margin: 0px; padding: 0px; font-weight: bold;\">Kênh áp dụng ưu đãi:</strong></p><p style=\"margin-right: 0px; margin-bottom: 0px; margin-left: 0px; padding: 0px; color: rgb(34, 34, 34); font-family: &quot;Helvetica Neue&quot;, Verdana, Arial, sans-serif; font-size: 14px;\">-&nbsp; Trực tuyến trên ứng dụng CGV Cinemas hoặc trên trang chủ của CGV:&nbsp;<a href=\"http://www.cgv.vn/\" style=\"margin: 0px; padding: 0px; touch-action: manipulation; color: rgb(231, 26, 15);\">www.cgv.vn</a></p><p style=\"margin-right: 0px; margin-bottom: 0px; margin-left: 0px; padding: 0px; color: rgb(34, 34, 34); font-family: &quot;Helvetica Neue&quot;, Verdana, Arial, sans-serif; font-size: 14px;\">-&nbsp; Trực tiếp tại quầy<br style=\"margin: 0px; padding: 0px;\"><br style=\"margin: 0px; padding: 0px;\"></p><p style=\"margin-right: 0px; margin-bottom: 0px; margin-left: 0px; padding: 0px; color: rgb(34, 34, 34); font-family: &quot;Helvetica Neue&quot;, Verdana, Arial, sans-serif; font-size: 14px;\"><strong style=\"margin: 0px; padding: 0px; font-weight: bold;\">Điều kiện áp dụng:</strong></p><p style=\"margin-right: 0px; margin-bottom: 0px; margin-left: 0px; padding: 0px; color: rgb(34, 34, 34); font-family: &quot;Helvetica Neue&quot;, Verdana, Arial, sans-serif; font-size: 14px;\">-&nbsp; Áp dụng tại các rạp TP.Hồ Chí Minh, Hà Nội, CGV Big C Mỹ Tho, CGV Sense City Cần Thơ</p><p style=\"margin-right: 0px; margin-bottom: 0px; margin-left: 0px; padding: 0px; color: rgb(34, 34, 34); font-family: &quot;Helvetica Neue&quot;, Verdana, Arial, sans-serif; font-size: 14px;\">-&nbsp; Thiết kế ly nhân vật phụ thuộc vào số lượng hàng tại từng rạp khác nhau</p><p style=\"margin-right: 0px; margin-bottom: 0px; margin-left: 0px; padding: 0px; color: rgb(34, 34, 34); font-family: &quot;Helvetica Neue&quot;, Verdana, Arial, sans-serif; font-size: 14px;\">-&nbsp; Số lượng quà tặng có hạn, chương trình có thể kết thúc sớm hơn dự kiến.</p>'),
(7, '[HÀ NỘI] PHÁT THÈM “DEAL” THÁNG CHỊ EM', './img/240x201-7.jpg', './img/350x495-7.jpg', '<p style=\"margin-right: 0px; margin-bottom: 0px; margin-left: 0px; padding: 0px; color: rgb(34, 34, 34); font-family: &quot;Helvetica Neue&quot;, Verdana, Arial, sans-serif; font-size: 14px;\">Cơ hội cho các Fan Thủ Đô ẵm trọn bộ bình “chanh sả” kèm 1 bắp 1 nước chỉ với 199K (giá gốc: 335K)<br style=\"margin: 0px; padding: 0px;\"><strong style=\"margin: 0px; padding: 0px; font-weight: bold;\">1 Bộ bao gồm:</strong><br style=\"margin: 0px; padding: 0px;\">- 1 Bình giữ nhiệt<br style=\"margin: 0px; padding: 0px;\">- 2 Ống hút kim loại<br style=\"margin: 0px; padding: 0px;\">- 1 Cọ rửa ống hút<br style=\"margin: 0px; padding: 0px;\">- 1 Túi đựng ống hút<br style=\"margin: 0px; padding: 0px;\">- 1 Bắp &amp; 1 Nước Ngọt<br style=\"margin: 0px; padding: 0px;\"><br style=\"margin: 0px; padding: 0px;\"><strong style=\"margin: 0px; padding: 0px; font-weight: bold;\">ĐẾN CGV RƯỚC NGAY CHO NÓNG!</strong><br style=\"margin: 0px; padding: 0px;\"><br style=\"margin: 0px; padding: 0px;\"><strong style=\"margin: 0px; padding: 0px; font-weight: bold;\">Điều kiện và điều khoản áp dụng:</strong><br style=\"margin: 0px; padding: 0px;\">- Thời gian chương trình: 02/03 – 31/03/2020.<br style=\"margin: 0px; padding: 0px;\">- Nước 22oz và bắp 44oz có vị mặn/ngọt (khách có nhu cầu đổi vị vui lòng trả thêm phí phụ thu)<br style=\"margin: 0px; padding: 0px;\">- Duy nhất tại 6 cụm rạp CGV tại Hà Nội: CGV Mipec Tower, CGV Aeon Long Biên, CGV Artemis Hà Nội, CGV Vincom Times City, CGV Vincom Long Biên, CGV Soil Leroi.<br style=\"margin: 0px; padding: 0px;\">- Số lượng có hạn, chương trình có thể kết thúc sớm hơn dự kiến.<br style=\"margin: 0px; padding: 0px;\"><br style=\"margin: 0px; padding: 0px;\"></p><p style=\"margin-right: 0px; margin-bottom: 0px; margin-left: 0px; padding: 0px; color: rgb(34, 34, 34); font-family: &quot;Helvetica Neue&quot;, Verdana, Arial, sans-serif; font-size: 14px;\"><strong style=\"margin: 0px; padding: 0px; font-weight: bold;\">Tải app CGV để đặt vé chọn chỗ sớm hơn, nhanh hơn:</strong></p><p style=\"margin-right: 0px; margin-bottom: 0px; margin-left: 0px; padding: 0px; color: rgb(34, 34, 34); font-family: &quot;Helvetica Neue&quot;, Verdana, Arial, sans-serif; font-size: 14px;\">-&nbsp;<a href=\"https://apps.apple.com/us/app/cgv-cinemas/id1067166194\" rel=\"noopener\" title=\"Tải CGV Cinemas cho iOS\" target=\"_blank\" style=\"margin: 0px; padding: 0px; touch-action: manipulation; color: rgb(231, 26, 15);\">Tải CGV Cinemas cho iOS</a></p><p style=\"margin-right: 0px; margin-bottom: 0px; margin-left: 0px; padding: 0px; color: rgb(34, 34, 34); font-family: &quot;Helvetica Neue&quot;, Verdana, Arial, sans-serif; font-size: 14px;\">-&nbsp;<a href=\"https://play.google.com/store/apps/details?id=com.cgv.cinema.vn\" rel=\"noopener\" title=\"Tải CGV Cinemas cho Android\" target=\"_blank\" style=\"margin: 0px; padding: 0px; touch-action: manipulation; color: rgb(231, 26, 15);\">Tải CGV Cinemas cho Android</a></p>'),
(8, 'XEM PHIM THẢ GA, CẢ TUẦN ĐỒNG GIÁ – CHỈ 79.000Đ/VÉ CGV', './img/240x201-8.png', './img/350x495-8.png', '<p style=\"margin-right: 0px; margin-bottom: 0px; margin-left: 0px; padding: 0px; color: rgb(34, 34, 34); font-family: &quot;Helvetica Neue&quot;, Verdana, Arial, sans-serif; font-size: 14px; text-align: justify;\"><em style=\"margin: 0px; padding: 0px;\">Đồng giá 79.000đ/vé CGV tất cả các suất chiếu trong tuần, từ Thứ 2 tới Chủ Nhật, áp dụng khi thanh toán qua ViettelPay.<br style=\"margin: 0px; padding: 0px;\"><br style=\"margin: 0px; padding: 0px;\"></em></p><p style=\"margin-right: 0px; margin-bottom: 0px; margin-left: 0px; padding: 0px; color: rgb(34, 34, 34); font-family: &quot;Helvetica Neue&quot;, Verdana, Arial, sans-serif; font-size: 14px; text-align: justify;\"><strong style=\"margin: 0px; padding: 0px; font-weight: bold;\">1. Thời gian:</strong>&nbsp;từ nay đến hết 30/6/2020<br style=\"margin: 0px; padding: 0px;\"><br style=\"margin: 0px; padding: 0px;\"><strong style=\"margin: 0px; padding: 0px; font-weight: bold;\">2. Đối tượng tham gia:</strong><br style=\"margin: 0px; padding: 0px;\">- Tất cả khách hàng ViettelPay<br style=\"margin: 0px; padding: 0px;\"><br style=\"margin: 0px; padding: 0px;\"><strong style=\"margin: 0px; padding: 0px; font-weight: bold;\">3. Thể lệ chương trình:</strong><br style=\"margin: 0px; padding: 0px;\">- Đồng giá 79.000đ/vé CGV 2D khi khách hàng thực hiện thanh toán bằng nguồn tiền ViettelPay thông qua app ViettelPay/app CGV Cinemas/website&nbsp;<a href=\"https://www.cgv.vn/\" target=\"_blank\" style=\"margin: 0px; padding: 0px; touch-action: manipulation; color: rgb(231, 26, 15);\">https://www.cgv.vn/</a><br style=\"margin: 0px; padding: 0px;\">- Áp dụng với vé 2D (thường hoặc VIP) tại tất cả các suất chiếu trong tuần, trên mọi cụm rạp thuộc hệ thống CGV Việt Nam (trừ ngày Lễ, Tết). Không áp dụng cho ghế Sweetbox và các suất chiếu 2D trong phòng chiếu đặc biệt.<br style=\"margin: 0px; padding: 0px;\">- Mỗi tài khoản ViettelPay có thể mua tối đa 02 vé xem phim CGV với giá 79.000đ trong 1 tuần và 10 vé/ 1 tháng. Trong trường hợp nếu giá vé gốc dưới 79.000đ, Khách hàng thanh toán qua ViettelPay áp dụng giá gốc không bị trừ số lượng vé khuyến mãi của chương trình CGV 79K .<br style=\"margin: 0px; padding: 0px;\">- Không áp dụng đồng thời các chương trình khuyến mãi vé xem phim khác trên cùng 1 giao dịch.<br style=\"margin: 0px; padding: 0px;\">- Chương trình có thể kết thúc sớm trước dự kiến khi hết số lượng khuyến mại.<br style=\"margin: 0px; padding: 0px;\"><br style=\"margin: 0px; padding: 0px;\"></p><p style=\"margin-right: 0px; margin-bottom: 0px; margin-left: 0px; padding: 0px; color: rgb(34, 34, 34); font-family: &quot;Helvetica Neue&quot;, Verdana, Arial, sans-serif; font-size: 14px; text-align: justify;\"><strong style=\"margin: 0px; padding: 0px; font-weight: bold;\"><em style=\"margin: 0px; padding: 0px;\">Tham khảo thêm chương trình tại:&nbsp;</em></strong><a href=\"http://viettelpay.vn/1/cgv79k/\" style=\"margin: 0px; padding: 0px; touch-action: manipulation; color: rgb(231, 26, 15);\"><em style=\"margin: 0px; padding: 0px;\">http://viettelpay.vn/1/cgv79k/</em></a></p>'),
(9, 'MUA VÉ XEM PHIM GIÁ 50K BẰNG THẺ VISA', './img/240x201-9.jpg', './img/350X495-9.jpg', '<p style=\"margin-right: 0px; margin-bottom: 0px; margin-left: 0px; padding: 0px; color: rgb(34, 34, 34); font-family: &quot;Helvetica Neue&quot;, Verdana, Arial, sans-serif; font-size: 14px; text-align: justify;\"><strong style=\"margin: 0px; padding: 0px; font-weight: bold;\">THỜI GIAN ƯU ĐÃI:</strong>&nbsp;Áp dụng vào các ngày Thứ ba (Bắt đầu vào lúc 9:00 sáng) hàng tuần từ 20/02/2020 – 17/11/2020 (Toàn quốc)&nbsp;</p><p style=\"margin-right: 0px; margin-bottom: 0px; margin-left: 0px; padding: 0px; color: rgb(34, 34, 34); font-family: &quot;Helvetica Neue&quot;, Verdana, Arial, sans-serif; font-size: 14px; text-align: justify;\"></p><p style=\"margin-right: 0px; margin-bottom: 0px; margin-left: 0px; padding: 0px; color: rgb(34, 34, 34); font-family: &quot;Helvetica Neue&quot;, Verdana, Arial, sans-serif; font-size: 14px; text-align: justify;\"><strong style=\"margin: 0px; padding: 0px; font-weight: bold;\">NỘI DUNG ƯU ĐÃI:&nbsp;</strong></p><p style=\"margin-right: 0px; margin-bottom: 0px; margin-left: 0px; padding: 0px; color: rgb(34, 34, 34); font-family: &quot;Helvetica Neue&quot;, Verdana, Arial, sans-serif; font-size: 14px; text-align: justify;\">- Khách hàng khi sử dụng thẻ do VISA phát hành thực hiện giao dịch mua vé xem phim 2D CGV sẽ được hưởng ưu đãi mua vé xem phim với giá 50.000VNĐ/ vé</p><p style=\"margin-right: 0px; margin-bottom: 0px; margin-left: 0px; padding: 0px; color: rgb(34, 34, 34); font-family: &quot;Helvetica Neue&quot;, Verdana, Arial, sans-serif; font-size: 14px; text-align: justify;\"><strong style=\"margin: 0px; padding: 0px; font-weight: bold;\">KÊNH ÁP DỤNG ƯU ĐÃI:<span style=\"margin: 0px; padding: 0px; white-space: pre;\"> </span>&nbsp;</strong></p><p style=\"margin-right: 0px; margin-bottom: 0px; margin-left: 0px; padding: 0px; color: rgb(34, 34, 34); font-family: &quot;Helvetica Neue&quot;, Verdana, Arial, sans-serif; font-size: 14px; text-align: justify;\">- Mua vé trực tuyến trên ứng dụng CGV Cinemas hoặc trên trang chủ của CGV: www.cgv.vn :Áp dụng cho tất cả các loại thẻ VISA</p><p style=\"margin-right: 0px; margin-bottom: 0px; margin-left: 0px; padding: 0px; color: rgb(34, 34, 34); font-family: &quot;Helvetica Neue&quot;, Verdana, Arial, sans-serif; font-size: 14px; text-align: justify;\">- Mua vé trực tiếp tại quầy: Áp dụng cho thẻ VISA một chạm (CONTACTLESS)</p><p style=\"margin-right: 0px; margin-bottom: 0px; margin-left: 0px; padding: 0px; color: rgb(34, 34, 34); font-family: &quot;Helvetica Neue&quot;, Verdana, Arial, sans-serif; font-size: 14px; text-align: justify;\"></p><p style=\"margin-right: 0px; margin-bottom: 0px; margin-left: 0px; padding: 0px; color: rgb(34, 34, 34); font-family: &quot;Helvetica Neue&quot;, Verdana, Arial, sans-serif; font-size: 14px; text-align: justify;\"><strong style=\"margin: 0px; padding: 0px; font-weight: bold;\">CÁCH THỨC NHẬN ƯU ĐÃI KHI MUA VÉ TRỰC TUYẾN:</strong></p><p style=\"margin-right: 0px; margin-bottom: 0px; margin-left: 0px; padding: 0px; color: rgb(34, 34, 34); font-family: &quot;Helvetica Neue&quot;, Verdana, Arial, sans-serif; font-size: 14px; text-align: justify;\">- Bước 1: Chọn mua 01 vé xem phim 2D&nbsp;</p><p style=\"margin-right: 0px; margin-bottom: 0px; margin-left: 0px; padding: 0px; color: rgb(34, 34, 34); font-family: &quot;Helvetica Neue&quot;, Verdana, Arial, sans-serif; font-size: 14px; text-align: justify;\">- Bước 2: Tại mục “Thanh toán”, chọn ô “Đối tác”, tiếp tục chọn “VISA_MUA VE GIA 50K”&nbsp;</p><p style=\"margin-right: 0px; margin-bottom: 0px; margin-left: 0px; padding: 0px; color: rgb(34, 34, 34); font-family: &quot;Helvetica Neue&quot;, Verdana, Arial, sans-serif; font-size: 14px; text-align: justify;\">- Bước 3: Chọn “Xác Nhận”. Hệ thống sẽ tự động giảm trừ giá trị thanh toán về 50.000 VNĐ.</p><p style=\"margin-right: 0px; margin-bottom: 0px; margin-left: 0px; padding: 0px; color: rgb(34, 34, 34); font-family: &quot;Helvetica Neue&quot;, Verdana, Arial, sans-serif; font-size: 14px; text-align: justify;\">- Bước 4: Nhận vé tại rạp CGV</p><p style=\"margin-right: 0px; margin-bottom: 0px; margin-left: 0px; padding: 0px; color: rgb(34, 34, 34); font-family: &quot;Helvetica Neue&quot;, Verdana, Arial, sans-serif; font-size: 14px; text-align: justify;\"></p><p style=\"margin-right: 0px; margin-bottom: 0px; margin-left: 0px; padding: 0px; color: rgb(34, 34, 34); font-family: &quot;Helvetica Neue&quot;, Verdana, Arial, sans-serif; font-size: 14px; text-align: justify;\"><strong style=\"margin: 0px; padding: 0px; font-weight: bold;\">CÁCH THỨC NHẬN ƯU ĐÃI KHI MUA VÉ TẠI QUẦY:</strong></p><p style=\"margin-right: 0px; margin-bottom: 0px; margin-left: 0px; padding: 0px; color: rgb(34, 34, 34); font-family: &quot;Helvetica Neue&quot;, Verdana, Arial, sans-serif; font-size: 14px; text-align: justify;\">- Bước 1: Mang thẻ “VISA một chạm” (Contactless) đến các rạp chiếu phim CGV trên toàn quốc.&nbsp;</p><p style=\"margin-right: 0px; margin-bottom: 0px; margin-left: 0px; padding: 0px; color: rgb(34, 34, 34); font-family: &quot;Helvetica Neue&quot;, Verdana, Arial, sans-serif; font-size: 14px; text-align: justify;\">- Bước 2: Thông báo với rạp tham gia chương trình khuyến mãi “MUA VÉ XEM PHIM GIÁ 50K BẰNG THẺ VISA” trước khi chọn vé.&nbsp;</p><p style=\"margin-right: 0px; margin-bottom: 0px; margin-left: 0px; padding: 0px; color: rgb(34, 34, 34); font-family: &quot;Helvetica Neue&quot;, Verdana, Arial, sans-serif; font-size: 14px; text-align: justify;\">- Bước 3: Chọn vé và thanh toán chạm bẳng thẻ “VISA một chạm” (Contactless) theo hướng dẫn của nhân viên rạp</p><p style=\"margin-right: 0px; margin-bottom: 0px; margin-left: 0px; padding: 0px; color: rgb(34, 34, 34); font-family: &quot;Helvetica Neue&quot;, Verdana, Arial, sans-serif; font-size: 14px; text-align: justify;\"></p><p style=\"margin-right: 0px; margin-bottom: 0px; margin-left: 0px; padding: 0px; color: rgb(34, 34, 34); font-family: &quot;Helvetica Neue&quot;, Verdana, Arial, sans-serif; font-size: 14px; text-align: justify;\"><strong style=\"margin: 0px; padding: 0px; font-weight: bold;\">Điều kiện và điều khoản:</strong></p><p style=\"margin-right: 0px; margin-bottom: 0px; margin-left: 0px; padding: 0px; color: rgb(34, 34, 34); font-family: &quot;Helvetica Neue&quot;, Verdana, Arial, sans-serif; font-size: 14px; text-align: justify;\">- Không giới hạn số lượng ưu đãi cho mỗi chủ thẻ</p><p style=\"margin-right: 0px; margin-bottom: 0px; margin-left: 0px; padding: 0px; color: rgb(34, 34, 34); font-family: &quot;Helvetica Neue&quot;, Verdana, Arial, sans-serif; font-size: 14px; text-align: justify;\">- Mỗi giao dịch chỉ gồm 01 vé xem phim với giá ưu đãi</p><p style=\"margin-right: 0px; margin-bottom: 0px; margin-left: 0px; padding: 0px; color: rgb(34, 34, 34); font-family: &quot;Helvetica Neue&quot;, Verdana, Arial, sans-serif; font-size: 14px; text-align: justify;\">- Áp dụng cho 300 giao dịch đầu tiên vào mỗi thứ Ba hằng tuần</p><p style=\"margin-right: 0px; margin-bottom: 0px; margin-left: 0px; padding: 0px; color: rgb(34, 34, 34); font-family: &quot;Helvetica Neue&quot;, Verdana, Arial, sans-serif; font-size: 14px; text-align: justify;\">- Vé xem phim không có giá trị quy đổi thành tiền mặt hay hoàn trả.</p><p style=\"margin-right: 0px; margin-bottom: 0px; margin-left: 0px; padding: 0px; color: rgb(34, 34, 34); font-family: &quot;Helvetica Neue&quot;, Verdana, Arial, sans-serif; font-size: 14px; text-align: justify;\">- Chương trình áp dụng cho các giao dịch vào&nbsp; Thứ ba hằng tuần trong suốt thời gian diễn ra chương trình ,khách hàng có thể chọn mua vé xem phim cho các suất chiếu ở tất cả các ngày trong tuần (trừ các ngày lễ, Tết theo quy định của Nhà Nước),</p><p style=\"margin-right: 0px; margin-bottom: 0px; margin-left: 0px; padding: 0px; color: rgb(34, 34, 34); font-family: &quot;Helvetica Neue&quot;, Verdana, Arial, sans-serif; font-size: 14px; text-align: justify;\">- Vé xem phim áp dụng cho các suất chiếu thông thường.</p><p style=\"margin-right: 0px; margin-bottom: 0px; margin-left: 0px; padding: 0px; color: rgb(34, 34, 34); font-family: &quot;Helvetica Neue&quot;, Verdana, Arial, sans-serif; font-size: 14px; text-align: justify;\">- Khuyến mãi KHÔNG áp dụng cho Suất chiếu Sớm, Suất chiếu Đặc biệt, và các phòng chiếu đặc biệt như: IMAX, 4DX, GOLD CLASS, STARIUM, L’AMOUR, SCREENX, PREMIUM, SWEETBOX…&nbsp;</p><p style=\"margin-right: 0px; margin-bottom: 0px; margin-left: 0px; padding: 0px; color: rgb(34, 34, 34); font-family: &quot;Helvetica Neue&quot;, Verdana, Arial, sans-serif; font-size: 14px; text-align: justify;\">- Khuyến mãi không áp dụng đồng thời với các chương trình khuyến mãi khác của CGV và đối tác.&nbsp;</p><p style=\"margin-right: 0px; margin-bottom: 0px; margin-left: 0px; padding: 0px; color: rgb(34, 34, 34); font-family: &quot;Helvetica Neue&quot;, Verdana, Arial, sans-serif; font-size: 14px; text-align: justify;\">- Chương trình có thể kết thúc trước thời hạn nếu số lượng vé ưu đãi tặng khách hàng đạt số lượng vé quy định trước thời gian kết thúc chương trình và theo quy tắc mua trước, hưởng khuyến mại trước.</p><p style=\"margin-right: 0px; margin-bottom: 0px; margin-left: 0px; padding: 0px; color: rgb(34, 34, 34); font-family: &quot;Helvetica Neue&quot;, Verdana, Arial, sans-serif; font-size: 14px; text-align: justify;\">- CGV bảo lưu toàn quyền điều chỉnh hoặc kết thúc chương trình tại bất kỳ thời điểm nào mà không cần thông báo trước hoặc chịu trách nhiệm bồi thường bằng tiền mặt hoặc tài sản.</p><p style=\"margin-right: 0px; margin-bottom: 0px; margin-left: 0px; padding: 0px; color: rgb(34, 34, 34); font-family: &quot;Helvetica Neue&quot;, Verdana, Arial, sans-serif; font-size: 14px; text-align: justify;\">- CGV bảo lưu quyền không chấp nhận hoặc từ chối người tham gia có dấu hiệu vi phạm các quy định chương trình (căn cứ theo Điều khoản sử dụng dịch vụ hoặc có bất kì hành vi nào mà bên tổ chức cho rằng là không phù hợp hoặc không thể chấp nhận).</p><p style=\"margin-right: 0px; margin-bottom: 0px; margin-left: 0px; padding: 0px; color: rgb(34, 34, 34); font-family: &quot;Helvetica Neue&quot;, Verdana, Arial, sans-serif; font-size: 14px; text-align: justify;\">- CGV bảo lưu quyền hủy bỏ, sửa đổi và/hoặc điều chỉnh toàn bộ hoặc một phần bất kì các điều kiện và điều khoản của chương trình tại bất kỳ thời điểm nào mà không cần thông báo trước cho người tham gia.</p><p style=\"margin-right: 0px; margin-bottom: 0px; margin-left: 0px; padding: 0px; color: rgb(34, 34, 34); font-family: &quot;Helvetica Neue&quot;, Verdana, Arial, sans-serif; font-size: 14px; text-align: justify;\">- Trong trường hợp xảy ra tranh chấp, quyết định của CGV là quyết định cuối cùng.&nbsp; &nbsp;</p><br style=\"margin: 0px; padding: 0px; color: rgb(34, 34, 34); font-family: &quot;Helvetica Neue&quot;, Verdana, Arial, sans-serif; font-size: 14px; text-align: justify;\"><p style=\"margin-right: 0px; margin-bottom: 0px; margin-left: 0px; padding: 0px; color: rgb(34, 34, 34); font-family: &quot;Helvetica Neue&quot;, Verdana, Arial, sans-serif; font-size: 14px; text-align: justify;\"><strong style=\"margin: 0px; padding: 0px; font-weight: bold;\">Tải app CGV:</strong></p><p style=\"margin-right: 0px; margin-bottom: 0px; margin-left: 0px; padding: 0px; color: rgb(34, 34, 34); font-family: &quot;Helvetica Neue&quot;, Verdana, Arial, sans-serif; font-size: 14px; text-align: justify;\">-&nbsp;<a href=\"https://apps.apple.com/us/app/cgv-cinemas/id1067166194\" rel=\"noopener\" title=\"Tải CGV Cinemas cho iOS\" target=\"_blank\" style=\"margin: 0px; padding: 0px; touch-action: manipulation; color: rgb(231, 26, 15);\">Tải CGV Cinemas cho iOS</a></p><p style=\"margin-right: 0px; margin-bottom: 0px; margin-left: 0px; padding: 0px; color: rgb(34, 34, 34); font-family: &quot;Helvetica Neue&quot;, Verdana, Arial, sans-serif; font-size: 14px; text-align: justify;\">-&nbsp;<a href=\"https://play.google.com/store/apps/details?id=com.cgv.cinema.vn\" rel=\"noopener\" title=\"Tải CGV Cinemas cho Android\" target=\"_blank\" style=\"margin: 0px; padding: 0px; touch-action: manipulation; color: rgb(231, 26, 15);\">Tải CGV Cinemas cho Android</a></p>'),
(10, 'ĐỔI 400 ĐIỂM TRÊN ỨNG DỤNG SAMSUNG PAY LẤY 01 VÉ XEM PHIM 2D TẠI CGV', './img/240X201-10.jpg', './img/350X495-10.jpg', '<p style=\"margin-right: 0px; margin-bottom: 0px; margin-left: 0px; padding: 0px; color: rgb(34, 34, 34); font-family: &quot;Helvetica Neue&quot;, Verdana, Arial, sans-serif; font-size: 14px; text-align: justify;\"><strong style=\"margin: 0px; padding: 0px; font-weight: bold;\">HƯỚNG DẪN CÁCH ĐỔI ĐIỂM LẤY CGV VOUCHER:</strong><br style=\"margin: 0px; padding: 0px;\">1. Vào Mục Samsung Rewards Trên Màn Hình Chính<br style=\"margin: 0px; padding: 0px;\">2. Chọn Sử Dụng Điểm<br style=\"margin: 0px; padding: 0px;\">3. Chọn Voucher CGV (Booking Online Only)<br style=\"margin: 0px; padding: 0px;\">4. Chọn “Sử Dụng”<br style=\"margin: 0px; padding: 0px;\"><br style=\"margin: 0px; padding: 0px;\"><strong style=\"margin: 0px; padding: 0px; font-weight: bold;\">ĐIỀU KIỆN VÀ ĐIỀU KHOẢN:</strong><br style=\"margin: 0px; padding: 0px;\">- Khi khách hàng đổi 400 điểm Rewards, khách hàng sẽ nhận được 01 Mã đổi vé xem phim (Voucher) từ CGV.<br style=\"margin: 0px; padding: 0px;\">- Mỗi Mã đổi vé xem phim đổi được 01 vé xem phim 2D.<br style=\"margin: 0px; padding: 0px;\">- Chương trình đổi điểm thưởng lấy CGV Voucher bắt đầu từ ngày 15 tháng 02 năm 2020 và kết thúc ngày 31 tháng 03 năm 2020.<br style=\"margin: 0px; padding: 0px;\">- Địa điểm áp dụng: tại tất cả các cụm rạp chiếu phim CGV trên toàn quốc<br style=\"margin: 0px; padding: 0px;\">- Mã đổi vé xem phim (Voucher) có giá trị đến ngày 15 tháng 06 năm 2020<br style=\"margin: 0px; padding: 0px;\">- Không giới hạn số lượng người tham gia chương trình.<br style=\"margin: 0px; padding: 0px;\">- Mã đổi vé xem phim (Voucher) hết hạn sẽ không được làm mới hay phát hành lại.<br style=\"margin: 0px; padding: 0px;\">- Điểm và phần thưởng sẽ không thể đổi sang tiền mặt.<br style=\"margin: 0px; padding: 0px;\">- Samsung có quyền thay đổi hoặc kết thúc chương trình mà không có thông báo trước.<br style=\"margin: 0px; padding: 0px;\">- Khách hàng có thể đổi điểm với số điểm nhất định trong Samsung Pay Rewards, ưu tiên khách hàng đổi điểm sớm và ưu đãi có thể kết thúc trước thời hạn nếu hết voucher.<br style=\"margin: 0px; padding: 0px;\">- Chương trình chỉ áp dụng cho hạng ghế thường và hạng ghế VIP cho phòng chiếu 2D thường.<br style=\"margin: 0px; padding: 0px;\">- Không áp dụng cho các phòng chiếu đặc biệt như: 3D, 4DX, IMAX, GOLD CLASS, L’AMOUR, PREMIUM, SWEETBOX…<br style=\"margin: 0px; padding: 0px;\">- Có thể trả thêm phí tại quầy vé để nâng cấp vé cho định dạng 3D, IMAX, 4DX, GOLDCLASS, L’AMOUR nhưng không áp dụng cho SWEETBOX<br style=\"margin: 0px; padding: 0px;\">- Mã đổi vé xem phim được áp dụng cho tất cả các ngày, từ thứ hai đến chủ nhật.<br style=\"margin: 0px; padding: 0px;\">- Khuyến mãi không áp dụng đồng thời với các chương trình khuyến mãi khác của CGV và đối tác.<br style=\"margin: 0px; padding: 0px;\">- CGV bảo lưu toàn quyền điều chỉnh hoặc kết thúc chương trình tại bất kỳ thời điểm nào mà không cần thông báo trước hoặc chịu trách nhiệm bồi thường bằng tiền mặt hoặc tài sản.<br style=\"margin: 0px; padding: 0px;\">- CGV bảo lưu quyền không chấp nhận hoặc từ chối người tham gia có dấu hiệu vi phạm các quy định chương trình (căn cứ theo Điều khoản sử dụng dịch vụ hoặc có bất kì hành vi nào mà bên tổ chức cho rằng là không phù hợp hoặc không thể chấp nhận).<br style=\"margin: 0px; padding: 0px;\">- CGV bảo lưu quyền hủy bỏ, sửa đổi và/hoặc điều chỉnh toàn bộ hoặc một phần bất kì các điều kiện và điều khoản của chương trình tại bất kỳ thời điểm nào mà không cần thông báo trước cho người tham gia.<br style=\"margin: 0px; padding: 0px;\">- Trong trường hợp xảy ra tranh chấp thì quyết định của CGV sẽ là quyết định cuối cùng<br style=\"margin: 0px; padding: 0px;\">- Mọi vấn đề của khách hàng xin liên hệ hotline: Samsung 1800 588 889 (24/7) hoặc hotline hỗ trợ của Quà Tặng Galaxy: 0961807052 (từ 8.00 – 18.00) hoặc CGV 1900 6017.</p><p style=\"margin-right: 0px; margin-bottom: 0px; margin-left: 0px; padding: 0px; color: rgb(34, 34, 34); font-family: &quot;Helvetica Neue&quot;, Verdana, Arial, sans-serif; font-size: 14px; text-align: justify;\"><strong style=\"margin: 0px; padding: 0px; font-weight: bold;\">Tải app CGV:</strong></p><p style=\"margin-right: 0px; margin-bottom: 0px; margin-left: 0px; padding: 0px; color: rgb(34, 34, 34); font-family: &quot;Helvetica Neue&quot;, Verdana, Arial, sans-serif; font-size: 14px; text-align: justify;\">-&nbsp;<a href=\"https://apps.apple.com/us/app/cgv-cinemas/id1067166194\" rel=\"noopener\" title=\"Tải CGV Cinemas cho iOS\" target=\"_blank\" style=\"margin: 0px; padding: 0px; touch-action: manipulation; color: rgb(231, 26, 15);\">Tải CGV Cinemas cho iOS</a></p><p style=\"margin-right: 0px; margin-bottom: 0px; margin-left: 0px; padding: 0px; color: rgb(34, 34, 34); font-family: &quot;Helvetica Neue&quot;, Verdana, Arial, sans-serif; font-size: 14px; text-align: justify;\">-&nbsp;<a href=\"https://play.google.com/store/apps/details?id=com.cgv.cinema.vn\" rel=\"noopener\" title=\"Tải CGV Cinemas cho Android\" target=\"_blank\" style=\"margin: 0px; padding: 0px; touch-action: manipulation; color: rgb(231, 26, 15);\">Tải CGV Cinemas cho Android</a></p>');
INSERT INTO `news` (`news_id`, `news_title`, `news_imgS`, `news_imgL`, `new_content`) VALUES
(11, 'CGV CULTURE DAY - THỨ HAI CUỐI CÙNG CỦA THÁNG ĐÃ TRỞ LẠI !!!', 'https://i.imgur.com/8ca3J1u.png', 'https://i.imgur.com/4UQkHm6.png', '<p style=\"margin-right: 0px; margin-bottom: 0px; margin-left: 0px; padding: 0px; color: rgb(34, 34, 34); font-family: Verdana, Arial, sans-serif; font-size: 14px; background-color: rgb(253, 252, 240);\"><strong style=\"margin: 0px; padding: 0px; font-weight: bold;\">CGV CULTURE DAY - THỨ HAI CUỐI CÙNG CỦA THÁNG ĐÃ TRỞ LẠI !!!</strong></p><p style=\"margin-right: 0px; margin-bottom: 0px; margin-left: 0px; padding: 0px; color: rgb(34, 34, 34); font-family: Verdana, Arial, sans-serif; font-size: 14px; background-color: rgb(253, 252, 240);\"><strong style=\"margin: 0px; padding: 0px; font-weight: bold;\"><br style=\"margin: 0px; padding: 0px;\"></strong>Lên lịch và xếp kèo rạp CGV vào Thứ Hai - 25/11/2024 này để tận hưởng Ngày hội Siêu Ưu Đãi nha cả nhà ơiiiii !!!</p><p style=\"margin-right: 0px; margin-bottom: 0px; margin-left: 0px; padding: 0px; color: rgb(34, 34, 34); font-family: Verdana, Arial, sans-serif; font-size: 14px; background-color: rgb(253, 252, 240);\"><br style=\"margin: 0px; padding: 0px;\"><strong style=\"margin: 0px; padding: 0px; font-weight: bold;\">GIÁ VÉ CULTURE DAY PHÒNG TIÊU CHUẨN 2D:</strong></p><p style=\"margin-right: 0px; margin-bottom: 0px; margin-left: 0px; padding: 0px; color: rgb(34, 34, 34); font-family: Verdana, Arial, sans-serif; font-size: 14px; background-color: rgb(253, 252, 240);\"></p><table border=\"1\" cellpadding=\"5\" cellspacing=\"0\" style=\"margin: 0px; padding: 0px; border-spacing: 0px; font-family: Verdana, Arial, sans-serif; color: rgb(34, 34, 34); font-size: 14px; line-height: 18px; background-color: rgb(253, 252, 240); width: 570px; text-align: center;\"><tbody style=\"margin: 0px; padding: 0px;\"><tr style=\"margin: 0px; padding: 0px;\"><th style=\"box-sizing: border-box; margin: 0px; padding: 0px; font-weight: normal; text-align: center; background: rgb(51, 51, 51); width: 142.3px; color: rgb(255, 255, 255); height: 50px;\"><strong style=\"margin: 0px; padding: 0px; font-weight: bold;\">50.000đ</strong><br style=\"margin: 0px; padding: 0px;\">/Vé</th><th style=\"box-sizing: border-box; margin: 0px; padding: 0px; font-weight: normal; text-align: center; background: rgb(51, 51, 51); width: 142.3px; color: rgb(255, 255, 255);\"><strong style=\"margin: 0px; padding: 0px; font-weight: bold;\">55.000đ</strong><br style=\"margin: 0px; padding: 0px;\">/Vé</th><th style=\"box-sizing: border-box; margin: 0px; padding: 0px; font-weight: normal; text-align: center; background: rgb(51, 51, 51); width: 142.3px; color: rgb(255, 255, 255);\"><strong style=\"margin: 0px; padding: 0px; font-weight: bold;\">60.000đ</strong><br style=\"margin: 0px; padding: 0px;\">/Vé</th><th style=\"box-sizing: border-box; margin: 0px; padding: 0px; font-weight: normal; text-align: center; background: rgb(51, 51, 51); width: 142.3px; color: rgb(255, 255, 255);\"><strong style=\"margin: 0px; padding: 0px; font-weight: bold;\">65.000đ</strong><br style=\"margin: 0px; padding: 0px;\">/Vé</th></tr><tr style=\"margin: 0px; padding: 0px;\"><th style=\"box-sizing: border-box; margin: 0px; padding: 0px; font-weight: normal; text-align: left;\">Tại các Tỉnh/ Thành Phố:<br style=\"margin: 0px; padding: 0px;\">- Sóc Trăng;<br style=\"margin: 0px; padding: 0px;\">- Tiền Giang;<br style=\"margin: 0px; padding: 0px;\">- Kiên Giang;<br style=\"margin: 0px; padding: 0px;\">- Bạc Liêu</th><th style=\"box-sizing: border-box; margin: 0px; padding: 0px; font-weight: normal; text-align: left;\">Tại các tỉnh:<br style=\"margin: 0px; padding: 0px;\">- Tỉnh Bình Định;<br style=\"margin: 0px; padding: 0px;\">- Tỉnh Đắk Lắk;<br style=\"margin: 0px; padding: 0px;\">- Tỉnh Hậu Giang;<br style=\"margin: 0px; padding: 0px;\">- Tỉnh Khánh Hòa;<br style=\"margin: 0px; padding: 0px;\">- Tỉnh Kon Tum;<br style=\"margin: 0px; padding: 0px;\">- Tỉnh Lạng Sơn;<br style=\"margin: 0px; padding: 0px;\">- Tỉnh Nghệ An;<br style=\"margin: 0px; padding: 0px;\">- Tỉnh Sơn La;<br style=\"margin: 0px; padding: 0px;\">- Tỉnh Tây Ninh;<br style=\"margin: 0px; padding: 0px;\">- Tỉnh Thái Nguyên;<br style=\"margin: 0px; padding: 0px;\">- Tỉnh Trà Vinh;<br style=\"margin: 0px; padding: 0px;\">Và tại các cụm rạp:<br style=\"margin: 0px; padding: 0px;\">- CGV Vĩnh Trung Plaza;<br style=\"margin: 0px; padding: 0px;\">- CGV Vincom Cẩm Phả;<br style=\"margin: 0px; padding: 0px;\">- CGV Vincom Móng Cái.<br style=\"margin: 0px; padding: 0px;\"><span style=\"margin: 0px; padding: 0px;\">- CGV Vincom Mega Mall Grand Park.</span></th><th style=\"box-sizing: border-box; margin: 0px; padding: 0px; font-weight: normal; text-align: left;\">Tại các tỉnh/thành phố:<br style=\"margin: 0px; padding: 0px;\">- Thành phố Cần Thơ;<br style=\"margin: 0px; padding: 0px;\">- Tỉnh Yên Bái;<br style=\"margin: 0px; padding: 0px;\">- Tỉnh Quảng Ngãi;<br style=\"margin: 0px; padding: 0px;\">- Tỉnh Hà Tĩnh;<br style=\"margin: 0px; padding: 0px;\">Và các cụm rạp:<br style=\"margin: 0px; padding: 0px;\">- CGV Vincom Hải Phòng;<br style=\"margin: 0px; padding: 0px;\">- CGV Satra Củ Chi.&nbsp;</th><th style=\"box-sizing: border-box; margin: 0px; padding: 0px; font-weight: normal; text-align: left;\">Tại các tỉnh/thành phố:<br style=\"margin: 0px; padding: 0px;\">- Hồ Chí Minh;<br style=\"margin: 0px; padding: 0px;\"><span style=\"margin: 0px; padding: 0px;\">- Hà Nội;</span><br style=\"margin: 0px; padding: 0px;\">- Bà Rịa Vũng Tàu;<br style=\"margin: 0px; padding: 0px;\">- Đồng Nai;<br style=\"margin: 0px; padding: 0px;\">- Bình Dương<br style=\"margin: 0px; padding: 0px;\">- Đồng Tháp;<br style=\"margin: 0px; padding: 0px;\">- Hưng Yên;<br style=\"margin: 0px; padding: 0px;\">- Phú Thọ;<br style=\"margin: 0px; padding: 0px;\">- Phú Yên;<br style=\"margin: 0px; padding: 0px;\">- Vĩnh Long;<br style=\"margin: 0px; padding: 0px;\">Và các cụm rạp:<br style=\"margin: 0px; padding: 0px;\">- CGV Aeon Hải Phòng;<br style=\"margin: 0px; padding: 0px;\">- CGV Vincom Đà Nẵng;<br style=\"margin: 0px; padding: 0px;\">- CGV Vincom Hạ Long.</th></tr></tbody></table>'),
(12, 'QUÉT QR, RƯỚC LỘC VỀ NHÀ', './img/240x201-12.jpg', './img/350x495-12.jpg', '<p style=\"margin-right: 0px; margin-bottom: 0px; margin-left: 0px; padding: 0px; color: rgb(34, 34, 34); font-family: &quot;Helvetica Neue&quot;, Verdana, Arial, sans-serif; font-size: 14px;\"><strong style=\"margin: 0px; padding: 0px; font-weight: bold;\">1. Thời gian triển khai:&nbsp;</strong>25/01 - 25/04/2020 (chương trình có thể kết thúc sớm khi hết ngân sách)</p><p style=\"margin-right: 0px; margin-bottom: 0px; margin-left: 0px; padding: 0px; color: rgb(34, 34, 34); font-family: &quot;Helvetica Neue&quot;, Verdana, Arial, sans-serif; font-size: 14px;\">&nbsp;</p><p style=\"margin-right: 0px; margin-bottom: 0px; margin-left: 0px; padding: 0px; color: rgb(34, 34, 34); font-family: &quot;Helvetica Neue&quot;, Verdana, Arial, sans-serif; font-size: 14px;\"><strong style=\"margin: 0px; padding: 0px; font-weight: bold;\">2. Địa bàn khuyến mãi:&nbsp;</strong>Tất cả các rạp CGV trên toàn quốc</p><p style=\"margin-right: 0px; margin-bottom: 0px; margin-left: 0px; padding: 0px; color: rgb(34, 34, 34); font-family: &quot;Helvetica Neue&quot;, Verdana, Arial, sans-serif; font-size: 14px;\">&nbsp;</p><p style=\"margin-right: 0px; margin-bottom: 0px; margin-left: 0px; padding: 0px; color: rgb(34, 34, 34); font-family: &quot;Helvetica Neue&quot;, Verdana, Arial, sans-serif; font-size: 14px;\"><strong style=\"margin: 0px; padding: 0px; font-weight: bold;\">3. Đối tượng được hưởng khuyến mãi:&nbsp;</strong>KH cá nhân sử dụng ứng dụng Sacombank Pay</p><p style=\"margin-right: 0px; margin-bottom: 0px; margin-left: 0px; padding: 0px; color: rgb(34, 34, 34); font-family: &quot;Helvetica Neue&quot;, Verdana, Arial, sans-serif; font-size: 14px;\">&nbsp;</p><p style=\"margin-right: 0px; margin-bottom: 0px; margin-left: 0px; padding: 0px; color: rgb(34, 34, 34); font-family: &quot;Helvetica Neue&quot;, Verdana, Arial, sans-serif; font-size: 14px;\"><strong style=\"margin: 0px; padding: 0px; font-weight: bold;\">4. Nội dung chương trình khuyến mãi và quy định:</strong></p><p style=\"margin-right: 0px; margin-bottom: 0px; margin-left: 0px; padding: 0px; color: rgb(34, 34, 34); font-family: &quot;Helvetica Neue&quot;, Verdana, Arial, sans-serif; font-size: 14px;\"><strong style=\"margin: 0px; padding: 0px; font-weight: bold;\">&nbsp; &nbsp; 4.1 Nội dung:</strong><br style=\"margin: 0px; padding: 0px;\">&nbsp; &nbsp; Hoàn<strong style=\"margin: 0px; padding: 0px; font-weight: bold;\">&nbsp;68,000</strong>&nbsp;đồng vào tài khoản Sacombank Pay khi thanh toán quét QR từ 100,000 đồng trở lên/hóa đơn trực tiếp tại quầy CGV bằng ứng dụng Sacombank Pay.</p><p style=\"margin-right: 0px; margin-bottom: 0px; margin-left: 0px; padding: 0px; color: rgb(34, 34, 34); font-family: &quot;Helvetica Neue&quot;, Verdana, Arial, sans-serif; font-size: 14px;\"><strong style=\"margin: 0px; padding: 0px; font-weight: bold;\">&nbsp; &nbsp; 4.2 Điều kiện chung:</strong><br style=\"margin: 0px; padding: 0px;\">&nbsp; &nbsp; - Mỗi tài khoản Sacombank Pay được áp dụng 01 lần<br style=\"margin: 0px; padding: 0px;\">&nbsp; &nbsp; - Áp dụng: 1,000 lượt đầu tiên<br style=\"margin: 0px; padding: 0px;\">&nbsp; &nbsp; - Chương trình có thể kết thúc sớm hơn khi hết ngân sách<br style=\"margin: 0px; padding: 0px;\">&nbsp; &nbsp; - KH thực hiện quét QR thỏa điều kiện sẽ nhận thông báo hoàn tiền ngay trên Sacombank Pay</p><p style=\"margin-right: 0px; margin-bottom: 0px; margin-left: 0px; padding: 0px; color: rgb(34, 34, 34); font-family: &quot;Helvetica Neue&quot;, Verdana, Arial, sans-serif; font-size: 14px;\">&nbsp;</p><p style=\"margin-right: 0px; margin-bottom: 0px; margin-left: 0px; padding: 0px; color: rgb(34, 34, 34); font-family: &quot;Helvetica Neue&quot;, Verdana, Arial, sans-serif; font-size: 14px;\">Chi tiết xem&nbsp;<a href=\"https://khuyenmai.sacombank.com/chuong-trinh-khuyen-mai/the/chuong-trinh-khuyen-mai-the/quet-qr-ruoc-loc-ve-nha\" target=\"_blank\" style=\"margin: 0px; padding: 0px; touch-action: manipulation; color: rgb(231, 26, 15);\">tại đây</a></p><p style=\"margin-right: 0px; margin-bottom: 0px; margin-left: 0px; padding: 0px; color: rgb(34, 34, 34); font-family: &quot;Helvetica Neue&quot;, Verdana, Arial, sans-serif; font-size: 14px;\">Tải và đăng ký ứng dụng Sacombank Pay&nbsp;<a href=\"http://bit.ly/stbpay\" target=\"_blank\" style=\"margin: 0px; padding: 0px; touch-action: manipulation; color: rgb(231, 26, 15);\">tại đây</a>&nbsp;hoặc quét mã QR này&nbsp;<img src=\"https://www.cgv.vn/media/wysiwyg/2020/012020/QR.jpg\" style=\"margin: 0px; padding: 0px; border: 0px; display: block;\"></p>'),
(13, 'HƯƠNG VỊ MỚI – BẮP RANG DÂU TÂY', './img/240x201-13.jpg', './img/350x495-13.jpg', '<p style=\"margin-right: 0px; margin-bottom: 0px; margin-left: 0px; padding: 0px; color: rgb(34, 34, 34); font-family: &quot;Helvetica Neue&quot;, Verdana, Arial, sans-serif; font-size: 14px; text-align: justify;\"><strong style=\"margin: 0px; padding: 0px; font-weight: bold;\">HƯƠNG VỊ MỚI – BẮP RANG DÂU TÂY</strong></p><p style=\"margin-right: 0px; margin-bottom: 0px; margin-left: 0px; padding: 0px; color: rgb(34, 34, 34); font-family: &quot;Helvetica Neue&quot;, Verdana, Arial, sans-serif; font-size: 14px; text-align: justify;\">Hương vị ngọt ngào, chua chua và mọng nước sẽ bùng nổ trong miệng của bạn với bắp rang vị dâu tây mới tại CGV.</p><p style=\"margin-right: 0px; margin-bottom: 0px; margin-left: 0px; padding: 0px; color: rgb(34, 34, 34); font-family: &quot;Helvetica Neue&quot;, Verdana, Arial, sans-serif; font-size: 14px; text-align: justify;\">Thêm một lựa chọn vị bắp rang hoàn hảo khi đi xem phim bên cạnh hương vị phô mai và caramel vốn đã hết sức quen thuộc. Tha hồ cho các bạn lựa chọn nha!</p><p style=\"margin-right: 0px; margin-bottom: 0px; margin-left: 0px; padding: 0px; color: rgb(34, 34, 34); font-family: &quot;Helvetica Neue&quot;, Verdana, Arial, sans-serif; font-size: 14px; text-align: justify;\">Bắp rang vị dâu hiện đang có tại tất cả các cụm rạp CGV trên toàn quốc.</p>'),
(14, 'THANH TOÁN BẰNG VNPAY-QR MUA VÉ CHỈ 69K, COMBO 2 NƯỚC 1 BẮP CHỈ 50K', './img/240x201-14.png', './img/350x495-14.png', '<div style=\"margin: 0px; padding: 0px; color: rgb(34, 34, 34); font-family: &quot;Helvetica Neue&quot;, Verdana, Arial, sans-serif; font-size: 14px; text-align: justify; overflow-x: auto;\"><table style=\"margin: 0px; padding: 0px; border-spacing: 0px; font-family: &quot;Helvetica Neue&quot;, Verdana, Arial, sans-serif; line-height: 18px; width: 570px; border: 1px solid rgb(221, 221, 221);\"><tbody style=\"margin: 0px; padding: 0px;\"><tr style=\"margin: 0px; padding: 0px;\"><th style=\"box-sizing: border-box; margin: 0px; padding: 8px; font-weight: normal; text-align: center;\">Sản phẩm</th><th style=\"box-sizing: border-box; margin: 0px; padding: 8px; font-weight: normal; text-align: center;\">Giá thông thường</th><th style=\"box-sizing: border-box; margin: 0px; padding: 8px; font-weight: normal; text-align: center;\">Giá khi thanh toán bằng VNPAY-QR</th><th style=\"box-sizing: border-box; margin: 0px; padding: 8px; font-weight: normal; text-align: center;\">Giá sau khi nhập thêm mã giảm giá “VNPAYCGV”</th></tr><tr style=\"margin: 0px; padding: 0px;\"><td style=\"box-sizing: border-box; margin: 0px; padding: 8px; text-align: center;\">Vé 2D</td><td style=\"box-sizing: border-box; margin: 0px; padding: 8px; text-align: center;\">Tới 120.000đ</td><td style=\"box-sizing: border-box; margin: 0px; padding: 8px; text-align: center;\">80.000đ</td><td style=\"box-sizing: border-box; margin: 0px; padding: 8px; text-align: center;\">69.000đ</td></tr><tr style=\"margin: 0px; padding: 0px;\"><td style=\"box-sizing: border-box; margin: 0px; padding: 8px; text-align: center;\">Combo 2 nước 1 bắp</td><td style=\"box-sizing: border-box; margin: 0px; padding: 8px; text-align: center;\">105.000đ</td><td style=\"box-sizing: border-box; margin: 0px; padding: 8px; text-align: center;\">75.000đ</td><td style=\"box-sizing: border-box; margin: 0px; padding: 8px; text-align: center;\">50.000đ</td></tr><tr style=\"margin: 0px; padding: 0px;\"><td style=\"box-sizing: border-box; margin: 0px; padding: 8px; text-align: center;\">Các sản phẩm khác</td><td style=\"box-sizing: border-box; margin: 0px; padding: 8px; text-align: center;\">Giá niêm yết</td><td style=\"box-sizing: border-box; margin: 0px; padding: 8px; text-align: center;\">Giá niêm yết</td><td style=\"box-sizing: border-box; margin: 0px; padding: 8px; text-align: center;\"><span style=\"margin: 0px; padding: 0px;\">Giá niêm yết</span></td></tr></tbody></table></div><br style=\"margin: 0px; padding: 0px; color: rgb(34, 34, 34); font-family: &quot;Helvetica Neue&quot;, Verdana, Arial, sans-serif; font-size: 14px; text-align: justify;\"><p style=\"margin-right: 0px; margin-bottom: 0px; margin-left: 0px; padding: 0px; color: rgb(34, 34, 34); font-family: &quot;Helvetica Neue&quot;, Verdana, Arial, sans-serif; font-size: 14px; text-align: justify;\"><strong style=\"margin: 0px; padding: 0px; font-weight: bold;\">Thời gian áp dụng:&nbsp;</strong>17/01 – 31/03/2020</p><p style=\"margin-right: 0px; margin-bottom: 0px; margin-left: 0px; padding: 0px; color: rgb(34, 34, 34); font-family: &quot;Helvetica Neue&quot;, Verdana, Arial, sans-serif; font-size: 14px; text-align: justify;\"><strong style=\"margin: 0px; padding: 0px; font-weight: bold;\">&nbsp;</strong></p><p style=\"margin-right: 0px; margin-bottom: 0px; margin-left: 0px; padding: 0px; color: rgb(34, 34, 34); font-family: &quot;Helvetica Neue&quot;, Verdana, Arial, sans-serif; font-size: 14px; text-align: justify;\"><strong style=\"margin: 0px; padding: 0px; font-weight: bold;\">Hướng dẫn thanh toán VNPAY-QR để hưởng khuyến mại:</strong></p><p style=\"margin-right: 0px; margin-bottom: 0px; margin-left: 0px; padding: 0px; color: rgb(34, 34, 34); font-family: &quot;Helvetica Neue&quot;, Verdana, Arial, sans-serif; font-size: 14px; text-align: justify;\"><strong style=\"margin: 0px; padding: 0px; font-weight: bold;\">Bước 1:</strong>&nbsp;Khách hàng chọn sản phẩm tại quầy vé.</p><p style=\"margin-right: 0px; margin-bottom: 0px; margin-left: 0px; padding: 0px; color: rgb(34, 34, 34); font-family: &quot;Helvetica Neue&quot;, Verdana, Arial, sans-serif; font-size: 14px; text-align: justify;\"><strong style=\"margin: 0px; padding: 0px; font-weight: bold;\">Bước 2:</strong>&nbsp;Thông báo với thu ngân: lựa chọn phương thức thanh toán VNPAY-QR.</p><p style=\"margin-right: 0px; margin-bottom: 0px; margin-left: 0px; padding: 0px; color: rgb(34, 34, 34); font-family: &quot;Helvetica Neue&quot;, Verdana, Arial, sans-serif; font-size: 14px; text-align: justify;\"><strong style=\"margin: 0px; padding: 0px; font-weight: bold;\">Bước 3:</strong>&nbsp;Đăng nhập ứng dụng Mobile Banking, chọn tính năng QR Pay.</p><p style=\"margin-right: 0px; margin-bottom: 0px; margin-left: 0px; padding: 0px; color: rgb(34, 34, 34); font-family: &quot;Helvetica Neue&quot;, Verdana, Arial, sans-serif; font-size: 14px; text-align: justify;\"><strong style=\"margin: 0px; padding: 0px; font-weight: bold;\">Bước 4:</strong>&nbsp;Quét mã QR hiển thị trên màn hình, nhập mã khuyến mại (VNPAYCGV) và hoàn tất giao dịch.</p><p style=\"margin-right: 0px; margin-bottom: 0px; margin-left: 0px; padding: 0px; color: rgb(34, 34, 34); font-family: &quot;Helvetica Neue&quot;, Verdana, Arial, sans-serif; font-size: 14px; text-align: justify;\">&nbsp;</p><p style=\"margin-right: 0px; margin-bottom: 0px; margin-left: 0px; padding: 0px; color: rgb(34, 34, 34); font-family: &quot;Helvetica Neue&quot;, Verdana, Arial, sans-serif; font-size: 14px; text-align: justify;\"><strong style=\"margin: 0px; padding: 0px; font-weight: bold;\">Điều kiện áp dụng:</strong><strong style=\"margin: 0px; padding: 0px; font-weight: bold;\"></strong></p><p style=\"margin-right: 0px; margin-bottom: 0px; margin-left: 0px; padding: 0px; color: rgb(34, 34, 34); font-family: &quot;Helvetica Neue&quot;, Verdana, Arial, sans-serif; font-size: 14px; text-align: justify;\"><strong style=\"margin: 0px; padding: 0px; font-weight: bold;\"><em style=\"margin: 0px; padding: 0px;\">- Khuyến mãi được áp dụng cho:</em></strong></p><p style=\"margin-right: 0px; margin-bottom: 0px; margin-left: 0px; padding: 0px; color: rgb(34, 34, 34); font-family: &quot;Helvetica Neue&quot;, Verdana, Arial, sans-serif; font-size: 14px; text-align: justify;\">+ Các suất chiếu 2D (hạng ghế thường &amp; VIP) tại phòng chiếu thường và phòng chiếu Art House.</p><p style=\"margin-right: 0px; margin-bottom: 0px; margin-left: 0px; padding: 0px; color: rgb(34, 34, 34); font-family: &quot;Helvetica Neue&quot;, Verdana, Arial, sans-serif; font-size: 14px; text-align: justify;\">+ Giao dịch mua vé xem phim 2D có giá trị tối thiểu từ 80.000đ</p><p style=\"margin-right: 0px; margin-bottom: 0px; margin-left: 0px; padding: 0px; color: rgb(34, 34, 34); font-family: &quot;Helvetica Neue&quot;, Verdana, Arial, sans-serif; font-size: 14px; text-align: justify;\">+ Các suất chiếu sneak show (suất chiếu sớm)</p><p style=\"margin-right: 0px; margin-bottom: 0px; margin-left: 0px; padding: 0px; color: rgb(34, 34, 34); font-family: &quot;Helvetica Neue&quot;, Verdana, Arial, sans-serif; font-size: 14px; text-align: justify;\">+ Thanh toán bằng ứng dụng Mobile Banking trên điện thoại di động của các ngân hàng sau: Agribank, BIDV, VietinBank, Vietcombank, SCB, IVB, VPBank, ABBank, Eximbank, HDBank, NCB, Nam A Bank, Vietbank, Shinhan bank, BIDC bank, Sacombank cùng nhiều ngân hàng khác, chi tiết tại: https://vnpay.vn/khuyenmai.</p><p style=\"margin-right: 0px; margin-bottom: 0px; margin-left: 0px; padding: 0px; color: rgb(34, 34, 34); font-family: &quot;Helvetica Neue&quot;, Verdana, Arial, sans-serif; font-size: 14px; text-align: justify;\"><strong style=\"margin: 0px; padding: 0px; font-weight: bold;\"><em style=\"margin: 0px; padding: 0px;\">- Không áp dụng:</em></strong></p><p style=\"margin-right: 0px; margin-bottom: 0px; margin-left: 0px; padding: 0px; color: rgb(34, 34, 34); font-family: &quot;Helvetica Neue&quot;, Verdana, Arial, sans-serif; font-size: 14px; text-align: justify;\">&nbsp;+ Các suất chiếu ngày lễ. Các phòng chiếu đặc biệt (IMAX, 4DX, Gold Class, L’Amour, Starium, Sweetbox…)</p><p style=\"margin-right: 0px; margin-bottom: 0px; margin-left: 0px; padding: 0px; color: rgb(34, 34, 34); font-family: &quot;Helvetica Neue&quot;, Verdana, Arial, sans-serif; font-size: 14px; text-align: justify;\">&nbsp;+ Khuyến mại không áp dụng đồng thời với các chương trình khuyến mãi khác của&nbsp;&nbsp;&nbsp;&nbsp; CGV và đối tác.</p><p style=\"margin-right: 0px; margin-bottom: 0px; margin-left: 0px; padding: 0px; color: rgb(34, 34, 34); font-family: &quot;Helvetica Neue&quot;, Verdana, Arial, sans-serif; font-size: 14px; text-align: justify;\">&nbsp;+ Không áp dụng tách hóa đơn dưới mọi hình thức.<br style=\"margin: 0px; padding: 0px;\">&nbsp; + Không áp dụng cho khách mua buôn.</p><p style=\"margin-right: 0px; margin-bottom: 0px; margin-left: 0px; padding: 0px; color: rgb(34, 34, 34); font-family: &quot;Helvetica Neue&quot;, Verdana, Arial, sans-serif; font-size: 14px; text-align: justify;\"><strong style=\"margin: 0px; padding: 0px; font-weight: bold;\"><em style=\"margin: 0px; padding: 0px;\">-&nbsp;&nbsp;</em></strong><strong style=\"margin: 0px; padding: 0px; font-weight: bold;\"><em style=\"margin: 0px; padding: 0px;\">Lưu ý:</em></strong></p><p style=\"margin-right: 0px; margin-bottom: 0px; margin-left: 0px; padding: 0px; color: rgb(34, 34, 34); font-family: &quot;Helvetica Neue&quot;, Verdana, Arial, sans-serif; font-size: 14px; text-align: justify;\">&nbsp;+ Mỗi khách hàng được mua tối đa 02 vé 2D + 01 combo Bỏng nước /01 giao dịch</p><p style=\"margin-right: 0px; margin-bottom: 0px; margin-left: 0px; padding: 0px; color: rgb(34, 34, 34); font-family: &quot;Helvetica Neue&quot;, Verdana, Arial, sans-serif; font-size: 14px; text-align: justify;\">&nbsp;+ Mỗi khách hàng được sử dụng Mã Giảm Giá VNPAYCGV 1 lần/tuần.</p><p style=\"margin-right: 0px; margin-bottom: 0px; margin-left: 0px; padding: 0px; color: rgb(34, 34, 34); font-family: &quot;Helvetica Neue&quot;, Verdana, Arial, sans-serif; font-size: 14px; text-align: justify;\">&nbsp;+ Áp dụng cho các giao dịch trực tiếp tại quầy vé của CGV trên toàn quốc thanh toán bằng VNPAY-QR.</p><p style=\"margin-right: 0px; margin-bottom: 0px; margin-left: 0px; padding: 0px; color: rgb(34, 34, 34); font-family: &quot;Helvetica Neue&quot;, Verdana, Arial, sans-serif; font-size: 14px; text-align: justify;\">&nbsp;+ VNPAY có quyền quyết định cuối cùng trong việc xét duyệt các giao dịch hợp lệ.</p><p style=\"margin-right: 0px; margin-bottom: 0px; margin-left: 0px; padding: 0px; color: rgb(34, 34, 34); font-family: &quot;Helvetica Neue&quot;, Verdana, Arial, sans-serif; font-size: 14px; text-align: justify;\"><strong style=\"margin: 0px; padding: 0px; font-weight: bold;\">Tải app CGV:</strong></p><p style=\"margin-right: 0px; margin-bottom: 0px; margin-left: 0px; padding: 0px; color: rgb(34, 34, 34); font-family: &quot;Helvetica Neue&quot;, Verdana, Arial, sans-serif; font-size: 14px; text-align: justify;\">-&nbsp;<a href=\"https://apps.apple.com/us/app/cgv-cinemas/id1067166194\" rel=\"noopener\" title=\"Tải CGV Cinemas cho iOS\" target=\"_blank\" style=\"margin: 0px; padding: 0px; touch-action: manipulation; color: rgb(231, 26, 15);\">Tải CGV Cinemas cho iOS</a></p><p style=\"margin-right: 0px; margin-bottom: 0px; margin-left: 0px; padding: 0px; color: rgb(34, 34, 34); font-family: &quot;Helvetica Neue&quot;, Verdana, Arial, sans-serif; font-size: 14px; text-align: justify;\">-&nbsp;<a href=\"https://play.google.com/store/apps/details?id=com.cgv.cinema.vn\" rel=\"noopener\" title=\"Tải CGV Cinemas cho Android\" target=\"_blank\" style=\"margin: 0px; padding: 0px; touch-action: manipulation; color: rgb(231, 26, 15);\">Tải CGV Cinemas cho Android</a></p>'),
(15, 'JUNGLE BROWN', './img/240x201-15.jpg', './img/350x495-15.jpg', '<p style=\"margin-right: 0px; margin-bottom: 0px; margin-left: 0px; padding: 0px; color: rgb(34, 34, 34); font-family: &quot;Helvetica Neue&quot;, Verdana, Arial, sans-serif; font-size: 14px; text-align: justify; background-color: rgb(253, 252, 240);\">RẦM! CGV đã tìm thấy Dino Brown và Raffy Brown trong một khu rừng đầy bí ẩn nọ!</p><p style=\"margin-right: 0px; margin-bottom: 0px; margin-left: 0px; padding: 0px; color: rgb(34, 34, 34); font-family: &quot;Helvetica Neue&quot;, Verdana, Arial, sans-serif; font-size: 14px; text-align: justify; background-color: rgb(253, 252, 240);\">Bình nước gấu Brown đáng yêu này là ý tưởng quà tặng tuyệt vời và xứng đáng để mua về nhất! Đừng bỏ lỡ sản phẩm đang làm mưa làm gió tại CGV này nhé cả nhà.</p><p style=\"margin-right: 0px; margin-bottom: 0px; margin-left: 0px; padding: 0px; color: rgb(34, 34, 34); font-family: &quot;Helvetica Neue&quot;, Verdana, Arial, sans-serif; font-size: 14px; text-align: justify; background-color: rgb(253, 252, 240);\">Hoàn thành bộ sưu tập của mình với 2 kiểu bình nước nhân vật khác nhau ngay thôi nào: Dino Brown và Raffy Brown nhé.</p><p style=\"margin-right: 0px; margin-bottom: 0px; margin-left: 0px; padding: 0px; color: rgb(34, 34, 34); font-family: &quot;Helvetica Neue&quot;, Verdana, Arial, sans-serif; font-size: 14px; text-align: justify; background-color: rgb(253, 252, 240);\"><strong style=\"margin: 0px; padding: 0px; font-weight: bold;\">Giá bán chính thức:</strong></p><p style=\"margin-right: 0px; margin-bottom: 0px; margin-left: 0px; padding: 0px; color: rgb(34, 34, 34); font-family: &quot;Helvetica Neue&quot;, Verdana, Arial, sans-serif; font-size: 14px; text-align: justify; background-color: rgb(253, 252, 240);\">-&nbsp; JUNGLE BROWN COMBO ( 1 bình nước + 1 nước ngọt + 1 bắp lớn): 239,000 VND</p><p style=\"margin-right: 0px; margin-bottom: 0px; margin-left: 0px; padding: 0px; color: rgb(34, 34, 34); font-family: &quot;Helvetica Neue&quot;, Verdana, Arial, sans-serif; font-size: 14px; text-align: justify; background-color: rgb(253, 252, 240);\">-&nbsp; DOUBLE BROWN COMBO ( 2 bình nước + 2 nước ngọt + 1 bắp lớn): 399,000 VND</p><p style=\"margin-right: 0px; margin-bottom: 0px; margin-left: 0px; padding: 0px; color: rgb(34, 34, 34); font-family: &quot;Helvetica Neue&quot;, Verdana, Arial, sans-serif; font-size: 14px; text-align: justify; background-color: rgb(253, 252, 240);\">Sản phẩm được bán độc quyền tại CGV</p>'),
(16, 'CHEESE RAT COMBO', './img/240X201-16.jpg', './img/350x495-16.jpg', '<p style=\"margin-right: 0px; margin-bottom: 0px; margin-left: 0px; padding: 0px; color: rgb(34, 34, 34); font-family: \"Helvetica Neue\", Verdana, Arial, sans-serif; font-size: 14px; text-align: justify;\">Bạn đã sở hữu ly <span style=\"margin: 0px; padding: 0px; color: rgb(255, 83, 83);\">Chuột phô mai</span> thiết kế độc quyền dành cho năm mới 2020 chưa ? </p><p style=\"margin-right: 0px; margin-bottom: 0px; margin-left: 0px; padding: 0px; color: rgb(34, 34, 34); font-family: \"Helvetica Neue\", Verdana, Arial, sans-serif; font-size: 14px; text-align: justify;\">Còn chần chờ gì mà không nhanh chân đến ngay các cụm rạp CGV để sở hữu ngay một “em” cho mình mang về nhà đi nào!</p><br style=\"margin: 0px; padding: 0px; color: rgb(34, 34, 34); font-family: \"Helvetica Neue\", Verdana, Arial, sans-serif; font-size: 14px; text-align: justify;\"><p style=\"margin-right: 0px; margin-bottom: 0px; margin-left: 0px; padding: 0px; color: rgb(34, 34, 34); font-family: \"Helvetica Neue\", Verdana, Arial, sans-serif; font-size: 14px; text-align: justify;\"><strong style=\"margin: 0px; padding: 0px; font-weight: bold;\">Giá bán chính thức:</strong></p><p style=\"margin-right: 0px; margin-bottom: 0px; margin-left: 0px; padding: 0px; color: rgb(34, 34, 34); font-family: \"Helvetica Neue\", Verdana, Arial, sans-serif; font-size: 14px; text-align: justify;\"><em style=\"margin: 0px; padding: 0px;\"><strong style=\"margin: 0px; padding: 0px; font-weight: bold;\">- 189K – <span style=\"margin: 0px; padding: 0px; color: rgb(255, 83, 83);\">Cheese Rat Single Cup</span> có kèm nước</strong></em></p><p style=\"margin-right: 0px; margin-bottom: 0px; margin-left: 0px; padding: 0px; color: rgb(34, 34, 34); font-family: \"Helvetica Neue\", Verdana, Arial, sans-serif; font-size: 14px; text-align: justify;\"><em style=\"margin: 0px; padding: 0px;\"><strong style=\"margin: 0px; padding: 0px; font-weight: bold;\">- 229K – <span style=\"margin: 0px; padding: 0px; color: rgb(255, 83, 83);\">Cheese Rat My Combo</span> ( 1 ly Cheese Rat có kèm nước  + 1 bắp lớn )</strong></em></p><p style=\"margin-right: 0px; margin-bottom: 0px; margin-left: 0px; padding: 0px; color: rgb(34, 34, 34); font-family: \"Helvetica Neue\", Verdana, Arial, sans-serif; font-size: 14px; text-align: justify;\">Sản phẩm được độc quyền duy nhất tại CGV. </p><p style=\"margin-right: 0px; margin-bottom: 0px; margin-left: 0px; padding: 0px; color: rgb(34, 34, 34); font-family: \"Helvetica Neue\", Verdana, Arial, sans-serif; font-size: 14px; text-align: justify;\"></p><br style=\"margin: 0px; padding: 0px; color: rgb(34, 34, 34); font-family: \"Helvetica Neue\", Verdana, Arial, sans-serif; font-size: 14px; text-align: justify;\"><p style=\"margin-right: 0px; margin-bottom: 0px; margin-left: 0px; padding: 0px; color: rgb(34, 34, 34); font-family: \"Helvetica Neue\", Verdana, Arial, sans-serif; font-size: 14px; text-align: justify;\"><strong style=\"margin: 0px; padding: 0px; font-weight: bold;\">Tải app CGV để mua sản phẩm sớm hơn, nhanh hơn:</strong></p><p style=\"margin-right: 0px; margin-bottom: 0px; margin-left: 0px; padding: 0px; color: rgb(34, 34, 34); font-family: \"Helvetica Neue\", Verdana, Arial, sans-serif; font-size: 14px; text-align: justify;\">- <a href=\"https://apps.apple.com/us/app/cgv-cinemas/id1067166194\" rel=\"noopener\" title=\"Tải CGV Cinemas cho iOS\" target=\"_blank\" style=\"margin: 0px; padding: 0px; touch-action: manipulation; color: rgb(231, 26, 15);\">Tải CGV Cinemas cho iOS</a></p><p style=\"margin-right: 0px; margin-bottom: 0px; margin-left: 0px; padding: 0px; color: rgb(34, 34, 34); font-family: \"Helvetica Neue\", Verdana, Arial, sans-serif; font-size: 14px; text-align: justify;\">- <a href=\"https://play.google.com/store/apps/details?id=com.cgv.cinema.vn\" rel=\"noopener\" title=\"Tải CGV Cinemas cho Android\" target=\"_blank\" style=\"margin: 0px; padding: 0px; touch-action: manipulation; color: rgb(231, 26, 15);\">Tải CGV Cinemas cho Android</a></p>'),
(17, 'QUYỀN LỢI MỚI TRONG NĂM 2020', './img/240x201-17.jpg', './img/350x495-17.jpg', '<p style=\"margin-right: 0px; margin-bottom: 0px; margin-left: 0px; padding: 0px; color: rgb(34, 34, 34); font-family: &quot;Helvetica Neue&quot;, Verdana, Arial, sans-serif; font-size: 14px; text-align: justify;\">Bên cạnh những quyền lợi mà thành viên CGV được hưởng trong suốt thời gian qua, từ 1/1/2020 CGV sẽ áp dụng quyền lợi mới dành riêng cho CGV members: Giảm giá 10% - 20% giá Hot Food tại các rạp CGV có phục vụ các sản phẩm&nbsp;<strong style=\"margin: 0px; padding: 0px; font-weight: bold;\">Topokki, Hotdog, Bánh Xếp Mandu, Khoai Tây Chiên, Xúc Xích, Cá Cuộn Rong Biển, Cá Miếng Tẩm Bột Chiên</strong>&nbsp;với tỷ lệ giảm giá dựa trên cấp độ thành viên.</p><p style=\"margin-right: 0px; margin-bottom: 0px; margin-left: 0px; padding: 0px; color: rgb(34, 34, 34); font-family: &quot;Helvetica Neue&quot;, Verdana, Arial, sans-serif; font-size: 14px; text-align: justify;\">&nbsp;<img src=\"https://www.cgv.vn/media/wysiwyg/2020/012020/NEW-MEMBERS-BENEFITS1.jpg\" style=\"margin: 0px; padding: 0px; border: 0px; display: block;\"></p><br style=\"margin: 0px; padding: 0px; color: rgb(34, 34, 34); font-family: &quot;Helvetica Neue&quot;, Verdana, Arial, sans-serif; font-size: 14px; text-align: justify;\"><p style=\"margin-right: 0px; margin-bottom: 0px; margin-left: 0px; padding: 0px; color: rgb(34, 34, 34); font-family: &quot;Helvetica Neue&quot;, Verdana, Arial, sans-serif; font-size: 14px; text-align: justify;\"><strong style=\"margin: 0px; padding: 0px; font-weight: bold;\">ĐẾN CGV TẬN HƯỞNG QUYỀN LỢI MỚI NGAY!</strong></p><p style=\"margin-right: 0px; margin-bottom: 0px; margin-left: 0px; padding: 0px; color: rgb(34, 34, 34); font-family: &quot;Helvetica Neue&quot;, Verdana, Arial, sans-serif; font-size: 14px; text-align: justify;\"><strong style=\"margin: 0px; padding: 0px; font-weight: bold;\"><span style=\"margin: 0px; padding: 0px; text-decoration-line: underline;\">Điều kiện và điều khoản áp dụng:</span></strong></p><p style=\"margin-right: 0px; margin-bottom: 0px; margin-left: 0px; padding: 0px; color: rgb(34, 34, 34); font-family: &quot;Helvetica Neue&quot;, Verdana, Arial, sans-serif; font-size: 14px; text-align: justify;\">- Chỉ áp dụng cho những rạp có phục vụ thức ăn nóng</p><p style=\"margin-right: 0px; margin-bottom: 0px; margin-left: 0px; padding: 0px; color: rgb(34, 34, 34); font-family: &quot;Helvetica Neue&quot;, Verdana, Arial, sans-serif; font-size: 14px; text-align: justify;\"><strong style=\"margin: 0px; padding: 0px; font-weight: bold;\">-&nbsp;</strong>Chỉ áp dụng trực tiếp tại quầy.</p><p style=\"margin-right: 0px; margin-bottom: 0px; margin-left: 0px; padding: 0px; color: rgb(34, 34, 34); font-family: &quot;Helvetica Neue&quot;, Verdana, Arial, sans-serif; font-size: 14px; text-align: justify;\">- Chỉ áp dụng tối đa 10 sản phẩm/ 1 giao dịch.</p><p style=\"margin-right: 0px; margin-bottom: 0px; margin-left: 0px; padding: 0px; color: rgb(34, 34, 34); font-family: &quot;Helvetica Neue&quot;, Verdana, Arial, sans-serif; font-size: 14px; text-align: justify;\">- Tình trạng phục vụ tùy thuộc vào mức độ sẵn có tại rạp</p><br style=\"margin: 0px; padding: 0px; color: rgb(34, 34, 34); font-family: &quot;Helvetica Neue&quot;, Verdana, Arial, sans-serif; font-size: 14px; text-align: justify;\"><p style=\"margin-right: 0px; margin-bottom: 0px; margin-left: 0px; padding: 0px; color: rgb(34, 34, 34); font-family: &quot;Helvetica Neue&quot;, Verdana, Arial, sans-serif; font-size: 14px; text-align: justify;\"><strong style=\"margin: 0px; padding: 0px; font-weight: bold;\">(*) Danh sách các rạp có phục vụ thức ăn nóng:</strong></p><p style=\"margin-right: 0px; margin-bottom: 0px; margin-left: 0px; padding: 0px; color: rgb(34, 34, 34); font-family: &quot;Helvetica Neue&quot;, Verdana, Arial, sans-serif; font-size: 14px; text-align: justify;\"><strong style=\"margin: 0px; padding: 0px; font-weight: bold;\">TP.HCM</strong><br style=\"margin: 0px; padding: 0px;\">- CGV Aeon Mall Bình Tân<br style=\"margin: 0px; padding: 0px;\">- CGV Aeon Tân Phú<br style=\"margin: 0px; padding: 0px;\">- CGV Crescent Mall<br style=\"margin: 0px; padding: 0px;\">- CGV Vietjet Plaza (CT Plaza)<br style=\"margin: 0px; padding: 0px;\">- CGV Gmall Thủ Đức<br style=\"margin: 0px; padding: 0px;\">- CGV Hùng Vương Plaza<br style=\"margin: 0px; padding: 0px;\">- CGV IMC Trần Quang Khải<br style=\"margin: 0px; padding: 0px;\">- CGV Saigonres Nguyễn Xí<br style=\"margin: 0px; padding: 0px;\">- CGV Sư Vạn Hạnh<br style=\"margin: 0px; padding: 0px;\">- CGV Thảo Điền Mall<br style=\"margin: 0px; padding: 0px;\">- CGV Vincom Đồng Khởi<br style=\"margin: 0px; padding: 0px;\">- CGV Vincom Gò Vấp<br style=\"margin: 0px; padding: 0px;\">- CGV Vincom Landmark<br style=\"margin: 0px; padding: 0px;\">- CGV Vincom Thủ Đức<br style=\"margin: 0px; padding: 0px;\">- CGV Liberty Centre Point<br style=\"margin: 0px; padding: 0px;\">- CGV Liberty Tân Bình<br style=\"margin: 0px; padding: 0px;\"><strong style=\"margin: 0px; padding: 0px; font-weight: bold;\">Hà Nội</strong><br style=\"margin: 0px; padding: 0px;\">- CGV Center Point<br style=\"margin: 0px; padding: 0px;\">- CGV Hồ Gươm Plaza<br style=\"margin: 0px; padding: 0px;\">- CGV Machinco<br style=\"margin: 0px; padding: 0px;\">- CGV Vincom Bà Triệu<br style=\"margin: 0px; padding: 0px;\">- CGV Mipec Tower<br style=\"margin: 0px; padding: 0px;\">- CGV Vincom Royal City<br style=\"margin: 0px; padding: 0px;\">- CGV Vincom Times City<br style=\"margin: 0px; padding: 0px;\">- CGV Vincom Star City<br style=\"margin: 0px; padding: 0px;\">- CGV Vincom Times City<br style=\"margin: 0px; padding: 0px;\">- CGV Vincom Nguyễn Chí Thanh<br style=\"margin: 0px; padding: 0px;\">- CGV Sungrand Ancora Lương Yên<br style=\"margin: 0px; padding: 0px;\"><strong style=\"margin: 0px; padding: 0px; font-weight: bold;\">Đà Nẵng</strong><br style=\"margin: 0px; padding: 0px;\">- CGV Vĩnh Trung Plaza<br style=\"margin: 0px; padding: 0px;\"><strong style=\"margin: 0px; padding: 0px; font-weight: bold;\">Đắk Lắk</strong><br style=\"margin: 0px; padding: 0px;\">- CGV Buôn Ma Thuột<br style=\"margin: 0px; padding: 0px;\"><strong style=\"margin: 0px; padding: 0px; font-weight: bold;\">Vũng Tàu</strong><br style=\"margin: 0px; padding: 0px;\">- CGV Lam Sơn square<br style=\"margin: 0px; padding: 0px;\">- CGV Petro Vũng Tàu</p><p style=\"margin-right: 0px; margin-bottom: 0px; margin-left: 0px; padding: 0px; color: rgb(34, 34, 34); font-family: &quot;Helvetica Neue&quot;, Verdana, Arial, sans-serif; font-size: 14px; text-align: justify;\"></p><br style=\"margin: 0px; padding: 0px; color: rgb(34, 34, 34); font-family: &quot;Helvetica Neue&quot;, Verdana, Arial, sans-serif; font-size: 14px; text-align: justify;\"><p style=\"margin-right: 0px; margin-bottom: 0px; margin-left: 0px; padding: 0px; color: rgb(34, 34, 34); font-family: &quot;Helvetica Neue&quot;, Verdana, Arial, sans-serif; font-size: 14px; text-align: justify;\"><strong style=\"margin: 0px; padding: 0px; font-weight: bold;\">Tải app CGV để đặt vé sớm hơn, nhanh hơn:</strong></p><p style=\"margin-right: 0px; margin-bottom: 0px; margin-left: 0px; padding: 0px; color: rgb(34, 34, 34); font-family: &quot;Helvetica Neue&quot;, Verdana, Arial, sans-serif; font-size: 14px; text-align: justify;\">-&nbsp;<a href=\"https://apps.apple.com/us/app/cgv-cinemas/id1067166194\" rel=\"noopener\" title=\"Tải CGV Cinemas cho iOS\" target=\"_blank\" style=\"margin: 0px; padding: 0px; touch-action: manipulation; color: rgb(231, 26, 15);\">Tải CGV Cinemas cho iOS</a></p><p style=\"margin-right: 0px; margin-bottom: 0px; margin-left: 0px; padding: 0px; color: rgb(34, 34, 34); font-family: &quot;Helvetica Neue&quot;, Verdana, Arial, sans-serif; font-size: 14px; text-align: justify;\">-&nbsp;<a href=\"https://play.google.com/store/apps/details?id=com.cgv.cinema.vn\" rel=\"noopener\" title=\"Tải CGV Cinemas cho Android\" target=\"_blank\" style=\"margin: 0px; padding: 0px; touch-action: manipulation; color: rgb(231, 26, 15);\">Tải CGV Cinemas cho Android</a></p>'),
(18, 'CGV DEBUT – MỞ LỐI TÀI NĂNG', './img/240x201-18.jpg', './img/350x495-18.jpg', '<p style=\"margin-right: 0px; margin-bottom: 0px; margin-left: 0px; padding: 0px; color: rgb(34, 34, 34); font-family: &quot;Helvetica Neue&quot;, Verdana, Arial, sans-serif; font-size: 14px; text-align: justify;\"><em style=\"margin: 0px; padding: 0px;\">Chương trình&nbsp;</em><strong style=\"margin: 0px; padding: 0px; font-weight: bold;\"><em style=\"margin: 0px; padding: 0px;\">“CGV Debut – Mở lối tài năng”</em></strong><em style=\"margin: 0px; padding: 0px;\">&nbsp;do CGV tổ chức với cách thức tham gia vô cùng đơn giản:</em></p><p style=\"margin-right: 0px; margin-bottom: 0px; margin-left: 0px; padding: 0px; color: rgb(34, 34, 34); font-family: &quot;Helvetica Neue&quot;, Verdana, Arial, sans-serif; font-size: 14px; text-align: justify;\"><em style=\"margin: 0px; padding: 0px;\">Gửi ngay clip ghi lại giọng hát của bản thân kèm thông tin cá nhân gửi về địa chỉ&nbsp;</em><strong style=\"margin: 0px; padding: 0px; font-weight: bold;\"><em style=\"margin: 0px; padding: 0px;\"><a href=\"mailto:cgv.debut@cj.net\" style=\"margin: 0px; padding: 0px; touch-action: manipulation; color: rgb(231, 26, 15);\">cgv.debut@cj.net</a></em></strong><em style=\"margin: 0px; padding: 0px;\"></em></p><p style=\"margin-right: 0px; margin-bottom: 0px; margin-left: 0px; padding: 0px; color: rgb(34, 34, 34); font-family: &quot;Helvetica Neue&quot;, Verdana, Arial, sans-serif; font-size: 14px; text-align: justify;\"><em style=\"margin: 0px; padding: 0px;\">&nbsp;CGV sẽ lựa chọn 3 bạn cho mỗi đêm diễn vào tối thứ 6 hàng tuần tại CGV Sư Vạn Hạnh TP.HCM, bắt đầu từ ngày 22/11/2019</em><em style=\"margin: 0px; padding: 0px;\"></em></p><p style=\"margin-right: 0px; margin-bottom: 0px; margin-left: 0px; padding: 0px; color: rgb(34, 34, 34); font-family: &quot;Helvetica Neue&quot;, Verdana, Arial, sans-serif; font-size: 14px; text-align: justify;\"><em style=\"margin: 0px; padding: 0px;\">Trong mỗi đêm diễn, các thí sinh sẽ thi đấu 3 vòng tương ứng với 3 bài hát. Giám khảo chấm điểm sẽ chính là các khán giả tại rạp</em></p><p style=\"margin-right: 0px; margin-bottom: 0px; margin-left: 0px; padding: 0px; color: rgb(34, 34, 34); font-family: &quot;Helvetica Neue&quot;, Verdana, Arial, sans-serif; font-size: 14px; text-align: justify;\">&nbsp;</p><p style=\"margin-right: 0px; margin-bottom: 0px; margin-left: 0px; padding: 0px; color: rgb(34, 34, 34); font-family: &quot;Helvetica Neue&quot;, Verdana, Arial, sans-serif; font-size: 14px; text-align: justify;\"><strong style=\"margin: 0px; padding: 0px; font-weight: bold;\"><em style=\"margin: 0px; padding: 0px;\">Cách thức đăng ký tham gia</em></strong></p><p style=\"margin-right: 0px; margin-bottom: 0px; margin-left: 0px; padding: 0px; color: rgb(34, 34, 34); font-family: &quot;Helvetica Neue&quot;, Verdana, Arial, sans-serif; font-size: 14px; text-align: justify;\">-&nbsp;&nbsp;&nbsp;&nbsp;&nbsp;&nbsp;&nbsp;&nbsp;&nbsp;&nbsp;<em style=\"margin: 0px; padding: 0px;\">Các bạn thí sinh Quay lại clip trình bày bài hát do chính mình thể hiện gửi về email&nbsp;<a href=\"mailto:cgv.debut@cj.net\" style=\"margin: 0px; padding: 0px; touch-action: manipulation; color: rgb(231, 26, 15);\">cgv.debut@cj.net</a></em></p><p style=\"margin-right: 0px; margin-bottom: 0px; margin-left: 0px; padding: 0px; color: rgb(34, 34, 34); font-family: &quot;Helvetica Neue&quot;, Verdana, Arial, sans-serif; font-size: 14px; text-align: justify;\">-&nbsp;&nbsp;&nbsp;&nbsp;&nbsp;&nbsp;&nbsp;&nbsp;&nbsp;&nbsp;<em style=\"margin: 0px; padding: 0px;\">Ban tổ chức sẽ lọc bài dự thi và sẽ liên hệ các bài thi đạt yêu cầu để casting trực tiếp</em></p><p style=\"margin-right: 0px; margin-bottom: 0px; margin-left: 0px; padding: 0px; color: rgb(34, 34, 34); font-family: &quot;Helvetica Neue&quot;, Verdana, Arial, sans-serif; font-size: 14px; text-align: justify;\">-&nbsp;&nbsp;&nbsp;&nbsp;&nbsp;&nbsp;&nbsp;&nbsp;&nbsp;&nbsp;<em style=\"margin: 0px; padding: 0px;\">Thời gian nhận bài thi từ ngày 17/11 – 20/12/2019</em></p><p style=\"margin-right: 0px; margin-bottom: 0px; margin-left: 0px; padding: 0px; color: rgb(34, 34, 34); font-family: &quot;Helvetica Neue&quot;, Verdana, Arial, sans-serif; font-size: 14px; text-align: justify;\"><em style=\"margin: 0px; padding: 0px;\">&nbsp;</em></p><p style=\"margin-right: 0px; margin-bottom: 0px; margin-left: 0px; padding: 0px; color: rgb(34, 34, 34); font-family: &quot;Helvetica Neue&quot;, Verdana, Arial, sans-serif; font-size: 14px; text-align: justify;\"><strong style=\"margin: 0px; padding: 0px; font-weight: bold;\"><em style=\"margin: 0px; padding: 0px;\">Phần thưởng cho người thắng cuộc cho mỗi đêm vô cùng hấp dẫn, bao gồm:</em></strong></p><p style=\"margin-right: 0px; margin-bottom: 0px; margin-left: 0px; padding: 0px; color: rgb(34, 34, 34); font-family: &quot;Helvetica Neue&quot;, Verdana, Arial, sans-serif; font-size: 14px; text-align: justify;\">-&nbsp;&nbsp;&nbsp;&nbsp;&nbsp;&nbsp;&nbsp;&nbsp;&nbsp;&nbsp;<em style=\"margin: 0px; padding: 0px;\">Quà tặng hiện kim</em><em style=\"margin: 0px; padding: 0px;\"></em></p><p style=\"margin-right: 0px; margin-bottom: 0px; margin-left: 0px; padding: 0px; color: rgb(34, 34, 34); font-family: &quot;Helvetica Neue&quot;, Verdana, Arial, sans-serif; font-size: 14px; text-align: justify;\">-&nbsp;&nbsp;&nbsp;&nbsp;&nbsp;&nbsp;&nbsp;&nbsp;&nbsp;&nbsp;<em style=\"margin: 0px; padding: 0px;\">1 năm xem phim miễn phí</em><em style=\"margin: 0px; padding: 0px;\"></em></p><p style=\"margin-right: 0px; margin-bottom: 0px; margin-left: 0px; padding: 0px; color: rgb(34, 34, 34); font-family: &quot;Helvetica Neue&quot;, Verdana, Arial, sans-serif; font-size: 14px; text-align: justify;\"><em style=\"margin: 0px; padding: 0px;\">Đặc biệt, cơ hội được quảng bá hình ảnh trên các kênh truyền thông của CGV!!</em><em style=\"margin: 0px; padding: 0px;\"></em></p><p style=\"margin-right: 0px; margin-bottom: 0px; margin-left: 0px; padding: 0px; color: rgb(34, 34, 34); font-family: &quot;Helvetica Neue&quot;, Verdana, Arial, sans-serif; font-size: 14px; text-align: justify;\"><em style=\"margin: 0px; padding: 0px;\">&nbsp;</em><em style=\"margin: 0px; padding: 0px;\"></em></p><p style=\"margin-right: 0px; margin-bottom: 0px; margin-left: 0px; padding: 0px; color: rgb(34, 34, 34); font-family: &quot;Helvetica Neue&quot;, Verdana, Arial, sans-serif; font-size: 14px; text-align: justify;\"><em style=\"margin: 0px; padding: 0px;\">Ngoài ra khán giả sẽ có cơ hội may mắn trúng vé xem phim CGV khi tham gia bình chọn cho các bạn thí sinh</em><em style=\"margin: 0px; padding: 0px;\"></em></p><p style=\"margin-right: 0px; margin-bottom: 0px; margin-left: 0px; padding: 0px; color: rgb(34, 34, 34); font-family: &quot;Helvetica Neue&quot;, Verdana, Arial, sans-serif; font-size: 14px; text-align: justify;\"><em style=\"margin: 0px; padding: 0px;\">&nbsp;</em><em style=\"margin: 0px; padding: 0px;\"></em></p><p style=\"margin-right: 0px; margin-bottom: 0px; margin-left: 0px; padding: 0px; color: rgb(34, 34, 34); font-family: &quot;Helvetica Neue&quot;, Verdana, Arial, sans-serif; font-size: 14px; text-align: justify;\"><em style=\"margin: 0px; padding: 0px;\">Còn ngại gì mà không tham gia ngay!&nbsp;<a href=\"mailto:cgv.debut@cj.net\" style=\"margin: 0px; padding: 0px; touch-action: manipulation; color: rgb(231, 26, 15);\">cgv.debut@cj.net</a>&nbsp;đã sẵn sàng nhận thông tin của các tài năng trẻ!</em></p>'),
(19, 'ĐÓN GIÁNG SINH RINH THẺ MỚI', 'https://i.imgur.com/DsOhZO3.jpeg', 'https://i.imgur.com/aPHW3kS.jpeg', '<p style=\"margin-right: 0px; margin-bottom: 0px; margin-left: 0px; padding: 0px; color: rgb(34, 34, 34); font-family: Verdana, Arial, sans-serif; font-size: 14px; background-color: rgb(253, 252, 240);\">GIÁNG SINH ĐANG ĐẾN RẤT GẦN!!!!<br style=\"margin: 0px; padding: 0px;\">Chào đón Giáng Sinh, CGV tung ra bộ sưu tập Thẻ Quà Tặng CGV Giáng Sinh 2024 đầy màu sắc.<br style=\"margin: 0px; padding: 0px;\">Đừng quên gửi tặng người thương của bạn Thẻ Quà Tặng CGV phiên bản Giáng Sinh 2024 kèm lời chúc ngọt ngào nhé!<br style=\"margin: 0px; padding: 0px;\"><br style=\"margin: 0px; padding: 0px;\"></p><p style=\"margin-right: 0px; margin-bottom: 0px; margin-left: 0px; padding: 0px; color: rgb(34, 34, 34); font-family: Verdana, Arial, sans-serif; font-size: 14px; background-color: rgb(253, 252, 240);\">THỜI GIAN MỞ BÁN:&nbsp;Từ ngày 25.11.2024, bộ sưu tập Thẻ Quà Tặng (eGift) GIÁNG SINH 2024 sẽ chính thức đổ bộ tại các rạp CGV trên toàn quốc và web/app CGV.</p><p dir=\"ltr\" style=\"margin-right: 0px; margin-bottom: 0px; margin-left: 0px; padding: 0px; color: rgb(34, 34, 34); font-family: Verdana, Arial, sans-serif; font-size: 14px; background-color: rgb(253, 252, 240);\"><br style=\"margin: 0px; padding: 0px;\"><strong style=\"margin: 0px; padding: 0px; font-weight: bold;\">Số lượng thẻ giới hạn! Nhanh nhanh ra rạp gần nhất để sở hữu ngay bạn nhé!&nbsp;</strong></p><div><strong style=\"margin: 0px; padding: 0px; font-weight: bold;\"><br></strong></div>'),
(20, 'CGV GIỚI THIỆU BST BT21 PHIÊN BẢN GIỚI HẠN', './img/240x201-20.jpg', './img/350x495-20.jpg', '<p style=\"margin-right: 0px; margin-bottom: 0px; margin-left: 0px; padding: 0px; color: rgb(34, 34, 34); font-family: &quot;Helvetica Neue&quot;, Verdana, Arial, sans-serif; font-size: 14px; text-align: justify;\">Đã mở bán !! Cơ hội sở hữu trọn bộ độc quyền ly thiết kế với nhân vật BT21.</p><p style=\"margin-right: 0px; margin-bottom: 0px; margin-left: 0px; padding: 0px; color: rgb(34, 34, 34); font-family: &quot;Helvetica Neue&quot;, Verdana, Arial, sans-serif; font-size: 14px; text-align: justify;\">- CGV tự hào là đơn vị chính thức đầu tiên và duy nhất bày bán bộ sản phẩm phiên bản giới hạn này tại Việt Nam.<br style=\"margin: 0px; padding: 0px;\">- Trọn bộ BT21 Limited giá 1,899,000vnđ bao gồm: 1 Box Set + 1 bắp lớn 44oz + nước siêu lớn 32oz<br style=\"margin: 0px; padding: 0px;\">- Sản phẩm được bán tại tất cả các rạp CGV trên toàn quốc.</p><br style=\"margin: 0px; padding: 0px; color: rgb(34, 34, 34); font-family: &quot;Helvetica Neue&quot;, Verdana, Arial, sans-serif; font-size: 14px; text-align: justify;\"><p style=\"margin-right: 0px; margin-bottom: 0px; margin-left: 0px; padding: 0px; color: rgb(34, 34, 34); font-family: &quot;Helvetica Neue&quot;, Verdana, Arial, sans-serif; font-size: 14px; text-align: justify;\"><strong style=\"margin: 0px; padding: 0px; font-weight: bold;\">Lưu ý:</strong></p><p style=\"margin-right: 0px; margin-bottom: 0px; margin-left: 0px; padding: 0px; color: rgb(34, 34, 34); font-family: &quot;Helvetica Neue&quot;, Verdana, Arial, sans-serif; font-size: 14px; text-align: justify;\">Số lượng bộ ly nhân vật BT21 Vietnam Limited Edition duy nhất chỉ 10,000 bộ. Nhanh lên CGV ngay thôi, số lượng có hạn nè bà con ơi.</p>');
INSERT INTO `news` (`news_id`, `news_title`, `news_imgS`, `news_imgL`, `new_content`) VALUES
(21, 'CGV RA MẮT SIÊU PHẨM TRÀ SỮA MATCHA - TỪ 39K!', './img/240x201-21.jpg', './img/350x495-21.jpg', '<p style=\"margin-right: 0px; margin-bottom: 0px; margin-left: 0px; padding: 0px; color: rgb(34, 34, 34); font-family: &quot;Helvetica Neue&quot;, Verdana, Arial, sans-serif; font-size: 14px; text-align: justify;\"><strong style=\"margin: 0px; padding: 0px; font-weight: bold;\">SIÊU PHẨM : Trà sữa Matcha giá chỉ từ 39K</strong><br style=\"margin: 0px; padding: 0px;\"><br style=\"margin: 0px; padding: 0px;\">Sự kết hợp tuyệt vời giữa vị trà xanh Nhật bản và sữa, CGV mang đến một thức uống ngon lành cho khách hàng khi đi xem phim.<br style=\"margin: 0px; padding: 0px;\">Nhanh chân đến CGV check in ly trà sữa vị matcha ngay thôi nào !!<br style=\"margin: 0px; padding: 0px;\">- Ly nhỏ : 39.000 vnđ<br style=\"margin: 0px; padding: 0px;\">- Ly vừa : 45.000 vnđ<br style=\"margin: 0px; padding: 0px;\">- Ly lớn: 49.000 vnđ</p><br style=\"margin: 0px; padding: 0px; color: rgb(34, 34, 34); font-family: &quot;Helvetica Neue&quot;, Verdana, Arial, sans-serif; font-size: 14px; text-align: justify;\"><p style=\"margin-right: 0px; margin-bottom: 0px; margin-left: 0px; padding: 0px; color: rgb(34, 34, 34); font-family: &quot;Helvetica Neue&quot;, Verdana, Arial, sans-serif; font-size: 14px; text-align: justify;\"><strong style=\"margin: 0px; padding: 0px; font-weight: bold;\">Tải app CGV để đặt vé mua online sớm hơn, nhanh hơn:</strong></p><p style=\"margin-right: 0px; margin-bottom: 0px; margin-left: 0px; padding: 0px; color: rgb(34, 34, 34); font-family: &quot;Helvetica Neue&quot;, Verdana, Arial, sans-serif; font-size: 14px; text-align: justify;\">-&nbsp;<a href=\"https://apps.apple.com/us/app/cgv-cinemas/id1067166194\" rel=\"noopener\" title=\"Tải CGV Cinemas cho iOS\" target=\"_blank\" style=\"margin: 0px; padding: 0px; touch-action: manipulation; color: rgb(231, 26, 15);\">Tải CGV Cinemas cho iOS</a></p><p style=\"margin-right: 0px; margin-bottom: 0px; margin-left: 0px; padding: 0px; color: rgb(34, 34, 34); font-family: &quot;Helvetica Neue&quot;, Verdana, Arial, sans-serif; font-size: 14px; text-align: justify;\">-&nbsp;<a href=\"https://play.google.com/store/apps/details?id=com.cgv.cinema.vn\" rel=\"noopener\" title=\"Tải CGV Cinemas cho Android\" target=\"_blank\" style=\"margin: 0px; padding: 0px; touch-action: manipulation; color: rgb(231, 26, 15);\">Tải CGV Cinemas cho Android</a></p>'),
(22, 'ĐÓN TẾT TRUNG THU ĐẦY Ý NGHĨA VỚI TOPOKKI ĐOÀN VIÊN', './img/240X201-22.jpg', './img/350x495-22.jpg', '<p style=\"margin-right: 0px; margin-bottom: 0px; margin-left: 0px; padding: 0px; color: rgb(34, 34, 34); font-family: &quot;Helvetica Neue&quot;, Verdana, Arial, sans-serif; font-size: 14px; text-align: justify;\"><strong style=\"margin: 0px; padding: 0px; font-weight: bold;\">Cùng CGV đón Tết Trung Thu đầy ý nghĩa với Topokki Đoàn Viên</strong><br style=\"margin: 0px; padding: 0px;\">Topokki chiên giòn giòn lắc với bột phô mai mặn mặn, béo béo cực thích, lại còn kết hợp nhiều hình dạng đẹp mắt trong một phần ăn, nào là bông hoa, ngôi sao, trái tim, nào là ống trụ, hình tròn. Nghe thế thôi đã thấy thích mê rồi phải không nào? Có đến 20 viên bánh gạo siêu nhiều trong một phần mà giá lại còn siêu ưu đãi nữa nè</p><p style=\"margin-right: 0px; margin-bottom: 0px; margin-left: 0px; padding: 0px; color: rgb(34, 34, 34); font-family: &quot;Helvetica Neue&quot;, Verdana, Arial, sans-serif; font-size: 14px; text-align: justify;\"><br style=\"margin: 0px; padding: 0px;\"><em style=\"margin: 0px; padding: 0px;\">Chi tiết sản phẩm:</em><br style=\"margin: 0px; padding: 0px;\"><em style=\"margin: 0px; padding: 0px;\">- Topokki Đoàn Viên: 49.000 VNĐ</em><br style=\"margin: 0px; padding: 0px;\"><em style=\"margin: 0px; padding: 0px;\">- Topokki Đoàn Viên + 1 nước siêu lớn 32oz : 69.000 VNĐ</em></p><p style=\"margin-right: 0px; margin-bottom: 0px; margin-left: 0px; padding: 0px; color: rgb(34, 34, 34); font-family: &quot;Helvetica Neue&quot;, Verdana, Arial, sans-serif; font-size: 14px; text-align: justify;\"><br style=\"margin: 0px; padding: 0px;\"><strong style=\"margin: 0px; padding: 0px; font-weight: bold;\">Danh sách các cụm rạp áp dụng:</strong><br style=\"margin: 0px; padding: 0px;\">- CGV Aeon Tân Phú<br style=\"margin: 0px; padding: 0px;\">- CGV CT Plaza<br style=\"margin: 0px; padding: 0px;\">- CGV Hồ Gươm Plaza<br style=\"margin: 0px; padding: 0px;\">- CGV Hùng Vương Plaza<br style=\"margin: 0px; padding: 0px;\">- CGV Liberty Tân Bình<br style=\"margin: 0px; padding: 0px;\">- CGV Liberty Centre Point<br style=\"margin: 0px; padding: 0px;\">- CGV Mipec Tower<br style=\"margin: 0px; padding: 0px;\">- CGV Pandora<br style=\"margin: 0px; padding: 0px;\">- CGV Pearl Plaza<br style=\"margin: 0px; padding: 0px;\">- CGV Saigonres Nguyễn Xí<br style=\"margin: 0px; padding: 0px;\">- CGV Vincom Bà Triệu<br style=\"margin: 0px; padding: 0px;\">- CGV Vincom Gò Vấp<br style=\"margin: 0px; padding: 0px;\">- CGV Vincom Landmark<br style=\"margin: 0px; padding: 0px;\">- CGV Vincom Thủ Đức<br style=\"margin: 0px; padding: 0px;\">- CGV Vĩnh Trung Plaza</p>'),
(23, 'BỘ SƯU TẬP HOT FOOD K-TASTE MỚI TỪ CGV!!', './img/240x201-23.png', './img/350x495-23.png', '<p style=\"margin-right: 0px; margin-bottom: 0px; margin-left: 0px; padding: 0px; color: rgb(34, 34, 34); font-family: &quot;Helvetica Neue&quot;, Verdana, Arial, sans-serif; font-size: 14px; text-align: justify;\">CGV trình làng&nbsp;<strong style=\"margin: 0px; padding: 0px; font-weight: bold;\">BỘ SƯU TẬP HOT FOOD K-TASTE</strong>&nbsp;mới nè!!</p><br style=\"margin: 0px; padding: 0px; color: rgb(34, 34, 34); font-family: &quot;Helvetica Neue&quot;, Verdana, Arial, sans-serif; font-size: 14px; text-align: justify;\"><p style=\"margin-right: 0px; margin-bottom: 0px; margin-left: 0px; padding: 0px; color: rgb(34, 34, 34); font-family: &quot;Helvetica Neue&quot;, Verdana, Arial, sans-serif; font-size: 14px; text-align: justify;\">Từ nay, các \"tâm hồn ăn uống\" lại có thêm lựa chọn mới khi xem phim nhé! Topokki lắc phô mai thơm lừng giòn rụm và Topokki sốt tương ớt truyền thống đậm đà đã có mặt trong menu hot food của CGV!</p><p style=\"margin-right: 0px; margin-bottom: 0px; margin-left: 0px; padding: 0px; color: rgb(34, 34, 34); font-family: &quot;Helvetica Neue&quot;, Verdana, Arial, sans-serif; font-size: 14px; text-align: justify;\">Đã vậy, còn rất nhiều hình dạng thú vị: bông hoa, ngôi sao, trái tim, ống trụ, tròn nè. Vừa ăn ngon lại vừa đẹp mắt nựa!</p><p style=\"margin-right: 0px; margin-bottom: 0px; margin-left: 0px; padding: 0px; color: rgb(34, 34, 34); font-family: &quot;Helvetica Neue&quot;, Verdana, Arial, sans-serif; font-size: 14px; text-align: justify;\">Đến CGV, order ngay 1 phần và xem phim cuối tuần nào cả nhà ơi!!!</p><p style=\"margin-right: 0px; margin-bottom: 0px; margin-left: 0px; padding: 0px; color: rgb(34, 34, 34); font-family: &quot;Helvetica Neue&quot;, Verdana, Arial, sans-serif; font-size: 14px; text-align: justify;\">*Sản phẩm đang được bán tại một số rạp HCM &amp; HN</p><p style=\"margin-right: 0px; margin-bottom: 0px; margin-left: 0px; padding: 0px; color: rgb(34, 34, 34); font-family: &quot;Helvetica Neue&quot;, Verdana, Arial, sans-serif; font-size: 14px; text-align: justify;\"></p><br style=\"margin: 0px; padding: 0px; color: rgb(34, 34, 34); font-family: &quot;Helvetica Neue&quot;, Verdana, Arial, sans-serif; font-size: 14px; text-align: justify;\"><p style=\"margin-right: 0px; margin-bottom: 0px; margin-left: 0px; padding: 0px; color: rgb(34, 34, 34); font-family: &quot;Helvetica Neue&quot;, Verdana, Arial, sans-serif; font-size: 14px; text-align: justify;\"><strong style=\"margin: 0px; padding: 0px; font-weight: bold;\">Danh sách các rạp áp dụng:</strong></p><p style=\"margin-right: 0px; margin-bottom: 0px; margin-left: 0px; padding: 0px; color: rgb(34, 34, 34); font-family: &quot;Helvetica Neue&quot;, Verdana, Arial, sans-serif; font-size: 14px; text-align: justify;\">CGV Aeon Tân Phú</p><p style=\"margin-right: 0px; margin-bottom: 0px; margin-left: 0px; padding: 0px; color: rgb(34, 34, 34); font-family: &quot;Helvetica Neue&quot;, Verdana, Arial, sans-serif; font-size: 14px; text-align: justify;\">CGV CT Plaza</p><p style=\"margin-right: 0px; margin-bottom: 0px; margin-left: 0px; padding: 0px; color: rgb(34, 34, 34); font-family: &quot;Helvetica Neue&quot;, Verdana, Arial, sans-serif; font-size: 14px; text-align: justify;\">CGV Hồ Gươm Plaza</p><p style=\"margin-right: 0px; margin-bottom: 0px; margin-left: 0px; padding: 0px; color: rgb(34, 34, 34); font-family: &quot;Helvetica Neue&quot;, Verdana, Arial, sans-serif; font-size: 14px; text-align: justify;\">CGV Hùng Vương Plaza</p><p style=\"margin-right: 0px; margin-bottom: 0px; margin-left: 0px; padding: 0px; color: rgb(34, 34, 34); font-family: &quot;Helvetica Neue&quot;, Verdana, Arial, sans-serif; font-size: 14px; text-align: justify;\">CGV Liberty Tân Bình</p><p style=\"margin-right: 0px; margin-bottom: 0px; margin-left: 0px; padding: 0px; color: rgb(34, 34, 34); font-family: &quot;Helvetica Neue&quot;, Verdana, Arial, sans-serif; font-size: 14px; text-align: justify;\">CGV Liberty centre point</p><p style=\"margin-right: 0px; margin-bottom: 0px; margin-left: 0px; padding: 0px; color: rgb(34, 34, 34); font-family: &quot;Helvetica Neue&quot;, Verdana, Arial, sans-serif; font-size: 14px; text-align: justify;\">CGV Mipec Tower</p><p style=\"margin-right: 0px; margin-bottom: 0px; margin-left: 0px; padding: 0px; color: rgb(34, 34, 34); font-family: &quot;Helvetica Neue&quot;, Verdana, Arial, sans-serif; font-size: 14px; text-align: justify;\">CGV Pandora</p><p style=\"margin-right: 0px; margin-bottom: 0px; margin-left: 0px; padding: 0px; color: rgb(34, 34, 34); font-family: &quot;Helvetica Neue&quot;, Verdana, Arial, sans-serif; font-size: 14px; text-align: justify;\">CGV Pearl Plaza</p><p style=\"margin-right: 0px; margin-bottom: 0px; margin-left: 0px; padding: 0px; color: rgb(34, 34, 34); font-family: &quot;Helvetica Neue&quot;, Verdana, Arial, sans-serif; font-size: 14px; text-align: justify;\">CGV Saigonres Nguyễn Xí</p><p style=\"margin-right: 0px; margin-bottom: 0px; margin-left: 0px; padding: 0px; color: rgb(34, 34, 34); font-family: &quot;Helvetica Neue&quot;, Verdana, Arial, sans-serif; font-size: 14px; text-align: justify;\">CGV Vincom Bà Triệu</p><p style=\"margin-right: 0px; margin-bottom: 0px; margin-left: 0px; padding: 0px; color: rgb(34, 34, 34); font-family: &quot;Helvetica Neue&quot;, Verdana, Arial, sans-serif; font-size: 14px; text-align: justify;\">CGV Vincom Gò Vấp</p><p style=\"margin-right: 0px; margin-bottom: 0px; margin-left: 0px; padding: 0px; color: rgb(34, 34, 34); font-family: &quot;Helvetica Neue&quot;, Verdana, Arial, sans-serif; font-size: 14px; text-align: justify;\">CGV Vincom Landmark</p><p style=\"margin-right: 0px; margin-bottom: 0px; margin-left: 0px; padding: 0px; color: rgb(34, 34, 34); font-family: &quot;Helvetica Neue&quot;, Verdana, Arial, sans-serif; font-size: 14px; text-align: justify;\">CGV Vincom Thủ Đức</p><p style=\"margin-right: 0px; margin-bottom: 0px; margin-left: 0px; padding: 0px; color: rgb(34, 34, 34); font-family: &quot;Helvetica Neue&quot;, Verdana, Arial, sans-serif; font-size: 14px; text-align: justify;\"></p><br style=\"margin: 0px; padding: 0px; color: rgb(34, 34, 34); font-family: &quot;Helvetica Neue&quot;, Verdana, Arial, sans-serif; font-size: 14px; text-align: justify;\"><p style=\"margin-right: 0px; margin-bottom: 0px; margin-left: 0px; padding: 0px; color: rgb(34, 34, 34); font-family: &quot;Helvetica Neue&quot;, Verdana, Arial, sans-serif; font-size: 14px; text-align: justify;\"><strong style=\"margin: 0px; padding: 0px; font-weight: bold;\">BẠN CÓ THỂ ĐẶT VÉ CHỌN MÓN NGAY</strong></p>'),
(24, 'GIÁO DỤC CÙNG ĐIỆN ẢNH', './img/240x201-24.jpg', './img/350x495-24.jpg', '<p style=\"margin-right: 0px; margin-bottom: 0px; margin-left: 0px; padding: 0px; color: rgb(34, 34, 34); font-family: &quot;Helvetica Neue&quot;, Verdana, Arial, sans-serif; font-size: 14px; text-align: justify;\">- Chương trình&nbsp;<strong style=\"margin: 0px; padding: 0px; font-weight: bold;\">GIÁO DỤC CÙNG ĐIỆN ẢNH</strong>&nbsp;được tổ chức bởi CGV với mục tiêu mang đến cho các bạn học sinh, sinh viên những chương trình ngoại khóa bổ ích và hấp dẫn</p><p style=\"margin-right: 0px; margin-bottom: 0px; margin-left: 0px; padding: 0px; color: rgb(34, 34, 34); font-family: &quot;Helvetica Neue&quot;, Verdana, Arial, sans-serif; font-size: 14px; text-align: justify;\">- Liên hệ Ban Quản Lý rạp CGV hoặc gửi thông tin về email&nbsp;<strong style=\"margin: 0px; padding: 0px; font-weight: bold;\"><a href=\"mailto:giaoduccungdienanh@cgv.vn\" style=\"margin: 0px; padding: 0px; touch-action: manipulation; color: rgb(231, 26, 15);\">giaoduccungdienanh@cgv.vn</a>&nbsp;</strong>để đăng ký tham gia</p>'),
(25, 'ĐỒNG GIÁ ONLINE, “XƠI” BẮP RANG THOẢI MÁI', './img/dong-gia-240-x-201.jpg', './img/Dong-gia-350-x-495_2020.jpg', '<p style=\"margin-right: 0px; margin-bottom: 0px; margin-left: 0px; padding: 0px; color: rgb(34, 34, 34); font-family: \"Helvetica Neue\", Verdana, Arial, sans-serif; font-size: 14px;\"><strong style=\"margin: 0px; padding: 0px; font-weight: bold;\">Duy nhất tại app CGV hoặc Website CGV Cinemas!</strong></p><p style=\"margin-right: 0px; margin-bottom: 0px; margin-left: 0px; padding: 0px; color: rgb(34, 34, 34); font-family: \"Helvetica Neue\", Verdana, Arial, sans-serif; font-size: 14px;\"></p><p style=\"margin-right: 0px; margin-bottom: 0px; margin-left: 0px; padding: 0px; color: rgb(34, 34, 34); font-family: \"Helvetica Neue\", Verdana, Arial, sans-serif; font-size: 14px;\">Từ nay, bạn có thể dễ dàng mua combo bắp nước qua Website CGV hoặc App CGV với đồng giá:</p><p style=\"margin-right: 0px; margin-bottom: 0px; margin-left: 0px; padding: 0px; color: rgb(34, 34, 34); font-family: \"Helvetica Neue\", Verdana, Arial, sans-serif; font-size: 14px;\">My Combo: 79.000 đồng</p><p style=\"margin-right: 0px; margin-bottom: 0px; margin-left: 0px; padding: 0px; color: rgb(34, 34, 34); font-family: \"Helvetica Neue\", Verdana, Arial, sans-serif; font-size: 14px;\">CGV Combo: 99.000 đồng</p><p style=\"margin-right: 0px; margin-bottom: 0px; margin-left: 0px; padding: 0px; color: rgb(34, 34, 34); font-family: \"Helvetica Neue\", Verdana, Arial, sans-serif; font-size: 14px;\"><strong style=\"margin: 0px; padding: 0px; font-weight: bold;\">Đặc biệt hơn, hoàn toàn miễn phí thay đổi vị bắp khi mua combo trực tuyến nhé!</strong></p><p style=\"margin-right: 0px; margin-bottom: 0px; margin-left: 0px; padding: 0px; color: rgb(34, 34, 34); font-family: \"Helvetica Neue\", Verdana, Arial, sans-serif; font-size: 14px;\"></p><p style=\"margin-right: 0px; margin-bottom: 0px; margin-left: 0px; padding: 0px; color: rgb(34, 34, 34); font-family: \"Helvetica Neue\", Verdana, Arial, sans-serif; font-size: 14px;\"></p><p style=\"margin-right: 0px; margin-bottom: 0px; margin-left: 0px; padding: 0px; color: rgb(34, 34, 34); font-family: \"Helvetica Neue\", Verdana, Arial, sans-serif; font-size: 14px;\"></p><p style=\"margin-right: 0px; margin-bottom: 0px; margin-left: 0px; padding: 0px; color: rgb(34, 34, 34); font-family: \"Helvetica Neue\", Verdana, Arial, sans-serif; font-size: 14px;\"><strong style=\"margin: 0px; padding: 0px; font-weight: bold;\"> </strong></p><p style=\"margin-right: 0px; margin-bottom: 0px; margin-left: 0px; padding: 0px; color: rgb(34, 34, 34); font-family: \"Helvetica Neue\", Verdana, Arial, sans-serif; font-size: 14px;\"><strong style=\"margin: 0px; padding: 0px; font-weight: bold;\">Thành viên CGV có thể tận hưởng ưu đãi của mình online một cách thật tiện lợi và dễ dàng. Chỉ cần thao tác các bước đơn giản sau đây:</strong></p><p style=\"margin-right: 0px; margin-bottom: 0px; margin-left: 0px; padding: 0px; color: rgb(34, 34, 34); font-family: \"Helvetica Neue\", Verdana, Arial, sans-serif; font-size: 14px;\">1. Đăng nhập tài khoản thành viên của bạn trên Website hoặc ứng dụng CGV Cinemas</p><p style=\"margin-right: 0px; margin-bottom: 0px; margin-left: 0px; padding: 0px; color: rgb(34, 34, 34); font-family: \"Helvetica Neue\", Verdana, Arial, sans-serif; font-size: 14px;\">2. Lựa chọn phim, rạp, suất chiếu bất kì, ghế ngồi</p><p style=\"margin-right: 0px; margin-bottom: 0px; margin-left: 0px; padding: 0px; color: rgb(34, 34, 34); font-family: \"Helvetica Neue\", Verdana, Arial, sans-serif; font-size: 14px;\">3. Tại trang thanh toán, chọn loại combo và số lượng</p><p style=\"margin-right: 0px; margin-bottom: 0px; margin-left: 0px; padding: 0px; color: rgb(34, 34, 34); font-family: \"Helvetica Neue\", Verdana, Arial, sans-serif; font-size: 14px;\">4. Hoàn tất giao dịch </p><p style=\"margin-right: 0px; margin-bottom: 0px; margin-left: 0px; padding: 0px; color: rgb(34, 34, 34); font-family: \"Helvetica Neue\", Verdana, Arial, sans-serif; font-size: 14px;\">5. Xuất trình mã đặt vé nhận combo tại rạp<br style=\"margin: 0px; padding: 0px;\"><br style=\"margin: 0px; padding: 0px;\"><strong style=\"margin: 0px; padding: 0px; font-weight: bold;\">- Tải và cài đặt ứng dụng CGV Cinemas tại đây: <a href=\"https://goo.gl/E1di82\" style=\"margin: 0px; padding: 0px; touch-action: manipulation; color: rgb(231, 26, 15);\">Android</a> và <a href=\"https://goo.gl/s11Eqi\" style=\"margin: 0px; padding: 0px; touch-action: manipulation; color: rgb(231, 26, 15);\">iOS</a></strong></p>');

-- --------------------------------------------------------

--
-- Table structure for table `port_duphong`
--

CREATE TABLE `port_duphong` (
  `id` int(11) NOT NULL,
  `id_user` int(11) DEFAULT NULL,
  `id_bk` int(11) DEFAULT NULL,
  `ten` varchar(255) DEFAULT NULL,
  `code` varchar(255) DEFAULT NULL,
  `ngay_tao` datetime DEFAULT current_timestamp(),
  `sotien` decimal(10,2) DEFAULT NULL,
  `info_ticket` varchar(255) DEFAULT NULL
) ENGINE=InnoDB DEFAULT CHARSET=utf8mb4 COLLATE=utf8mb4_general_ci;

--
-- Dumping data for table `port_duphong`
--

INSERT INTO `port_duphong` (`id`, `id_user`, `id_bk`, `ten`, `code`, `ngay_tao`, `sotien`, `info_ticket`) VALUES
(105, 19, 70, 'CƯỜI XUYÊN BIÊN GIỚI', '1970-20241222182221', '2024-12-22 18:22:21', 63000.00, 'Vé Phim 3D'),
(115, 1, 49, 'ĐÔI BẠN HỌC YÊU', '149-20241222191813', '2024-12-22 19:18:13', 54000.00, 'Vé Phim 3D'),
(117, 21, 96, 'LINH MIÊU', '2196-20241222193942', '2024-12-22 19:39:42', 24000.00, 'Vé Phim 2D'),
(126, 22, 120, 'CÔNG TỬ BẠC LIÊU', '22120-20241228160427', '2024-12-28 16:04:27', 45000.00, 'Vé Phim 2D');

-- --------------------------------------------------------

--
-- Table structure for table `room`
--

CREATE TABLE `room` (
  `room_id` int(11) NOT NULL,
  `room_name` varchar(10) NOT NULL,
  `room_theater` int(11) NOT NULL
) ENGINE=InnoDB DEFAULT CHARSET=utf8 COLLATE=utf8_general_ci;

--
-- Dumping data for table `room`
--

INSERT INTO `room` (`room_id`, `room_name`, `room_theater`) VALUES
(1, 'Phòng 1', 1),
(2, 'Phòng 2', 1),
(6, 'Phòng 1', 2),
(7, 'Phòng 2', 2),
(8, 'Phòng 1', 3),
(9, 'Phòng 2', 3),
(10, 'Phòng 1', 4),
(11, 'Phòng 2', 4),
(12, 'Phòng 1', 5),
(13, 'Phòng 2', 5),
(14, 'Phòng 1', 6),
(15, 'Phòng 2', 6),
(16, 'Phòng 1', 7),
(17, 'Phòng 2', 7),
(18, 'Phòng 1', 8),
(19, 'Phòng 2', 8),
(20, 'Phòng 1', 9),
(21, 'Phòng 2', 9),
(22, 'Phòng 1', 10),
(23, 'Phòng 2', 10),
(24, 'Phòng 1', 11),
(25, 'Phòng 2', 11),
(26, 'Phòng 1', 12),
(27, 'Phòng 2', 12),
(29, 'Phòng 1', 1),
(30, 'Phòng 2', 2),
(31, 'Phòng 2', 5),
(32, 'Phòng 2', 3),
(33, 'Phòng 1', 2),
(37, 'Phòng 2', 6),
(38, 'Phòng 1', 1),
(39, 'Phòng 1', 1),
(40, 'Phòng 1', 1),
(41, 'Phòng 1', 1),
(42, 'Phòng 1', 14),
(43, 'Phòng 1', 14),
(44, 'Phòng 2', 14),
(45, 'Phòng 2', 14),
(46, 'Phòng 1', 13),
(47, 'Phòng 1', 13),
(48, 'Phòng 1', 13),
(49, 'Phòng 2', 6),
(50, 'Phòng 1', 14),
(51, 'Phòng 1', 14),
(52, 'Phòng 1', 14),
(53, 'Phòng 1', 14),
(54, 'Phòng 2', 13),
(55, 'Phòng 1', 1),
(56, 'Phòng 2', 2),
(57, 'Phòng 1', 1),
(58, 'Phòng 1', 1),
(59, 'Phòng 2', 14),
(60, 'Phòng 2', 14),
(61, 'Phòng 1', 14),
(62, 'Phòng 2', 13);

-- --------------------------------------------------------

--
-- Table structure for table `seat`
--

CREATE TABLE `seat` (
  `seat_id` int(11) NOT NULL,
  `seat_row` varchar(1) NOT NULL,
  `seat_name` varchar(3) NOT NULL,
  `seat_room` int(11) NOT NULL,
  `seat_status` int(11) NOT NULL
) ENGINE=InnoDB DEFAULT CHARSET=utf8 COLLATE=utf8_general_ci;

--
-- Dumping data for table `seat`
--

INSERT INTO `seat` (`seat_id`, `seat_row`, `seat_name`, `seat_room`, `seat_status`) VALUES
(1, 'A', 'A1', 1, 1),
(2, 'A', 'A2', 1, 0),
(3, 'A', 'A3', 1, 0),
(4, 'A', 'A4', 1, 0),
(5, 'A', 'A5', 1, 1),
(6, 'A', 'A6', 1, 1),
(7, 'A', 'A7', 1, 0),
(8, 'A', 'A8', 1, 0),
(9, 'A', 'A9', 1, 0),
(10, 'A', 'A10', 1, 0),
(11, 'B', 'B1', 1, 0),
(12, 'B', 'B2', 1, 0),
(13, 'B', 'B3', 1, 0),
(14, 'B', 'B4', 1, 0),
(15, 'B', 'B5', 1, 0),
(16, 'B', 'B6', 1, 0),
(17, 'B', 'B7', 1, 0),
(18, 'B', 'B8', 1, 0),
(19, 'B', 'B9', 1, 0),
(20, 'B', 'B10', 1, 0),
(21, 'C', 'C1', 1, 1),
(22, 'C', 'C2', 1, 1),
(23, 'C', 'C3', 1, 1),
(24, 'C', 'C4', 1, 1),
(25, 'C', 'C5', 1, 1),
(26, 'C', 'C6', 1, 1),
(27, 'C', 'C7', 1, 1),
(28, 'C', 'C8', 1, 1),
(29, 'C', 'C9', 1, 1),
(30, 'C', 'C10', 1, 1),
(31, 'D', 'D1', 1, 0),
(32, 'D', 'D2', 1, 0),
(33, 'D', 'D3', 1, 1),
(34, 'D', 'D4', 1, 0),
(35, 'D', 'D5', 1, 0),
(36, 'D', 'D6', 1, 0),
(37, 'D', 'D7', 1, 0),
(38, 'D', 'D8', 1, 0),
(39, 'D', 'D9', 1, 0),
(40, 'D', 'D10', 1, 0),
(41, 'E', 'E1', 1, 0),
(42, 'E', 'E2', 1, 0),
(43, 'E', 'E3', 1, 0),
(44, 'E', 'E4', 1, 1),
(45, 'E', 'E5', 1, 1),
(46, 'E', 'E6', 1, 0),
(47, 'E', 'E7', 1, 0),
(48, 'E', 'E8', 1, 0),
(49, 'E', 'E9', 1, 0),
(50, 'E', 'E10', 1, 0),
(51, 'F', 'F1', 1, 0),
(52, 'F', 'F2', 1, 0),
(53, 'F', 'F3', 1, 0),
(54, 'F', 'F4', 1, 0),
(55, 'F', 'F5', 1, 0),
(56, 'F', 'F6', 1, 0),
(57, 'F', 'F7', 1, 1),
(58, 'F', 'F8', 1, 0),
(59, 'F', 'F9', 1, 0),
(60, 'F', 'F10', 1, 0),
(61, 'G', 'G1', 1, 0),
(62, 'G', 'G2', 1, 0),
(63, 'G', 'G3', 1, 0),
(64, 'G', 'G4', 1, 1),
(65, 'G', 'G5', 1, 0),
(66, 'G', 'G6', 1, 0),
(67, 'G', 'G7', 1, 0),
(68, 'G', 'G8', 1, 0),
(69, 'G', 'G9', 1, 0),
(70, 'G', 'G10', 1, 0),
(71, 'H', 'H1', 1, 0),
(72, 'H', 'H2', 1, 0),
(73, 'H', 'H3', 1, 0),
(74, 'H', 'H4', 1, 0),
(75, 'H', 'H5', 1, 0),
(76, 'H', 'H6', 1, 0),
(77, 'H', 'H7', 1, 0),
(78, 'H', 'H8', 1, 0),
(79, 'H', 'H9', 1, 0),
(80, 'H', 'H10', 1, 0),
(81, 'A', 'A1', 2, 0),
(82, 'A', 'A2', 2, 0),
(83, 'A', 'A3', 2, 0),
(84, 'A', 'A4', 2, 0),
(85, 'A', 'A5', 2, 0),
(86, 'A', 'A6', 2, 0),
(87, 'A', 'A7', 2, 0),
(88, 'A', 'A8', 2, 0),
(89, 'A', 'A9', 2, 0),
(90, 'A', 'A10', 2, 0),
(91, 'B', 'B1', 2, 0),
(92, 'B', 'B2', 2, 0),
(93, 'B', 'B3', 2, 0),
(94, 'B', 'B4', 2, 0),
(95, 'B', 'B5', 2, 0),
(96, 'B', 'B6', 2, 0),
(97, 'B', 'B7', 2, 0),
(98, 'B', 'B8', 2, 0),
(99, 'B', 'B9', 2, 0),
(100, 'B', 'B10', 2, 0),
(101, 'C', 'C1', 2, 0),
(102, 'C', 'C2', 2, 0),
(103, 'C', 'C3', 2, 0),
(104, 'C', 'C4', 2, 0),
(105, 'C', 'C5', 2, 0),
(106, 'C', 'C6', 2, 0),
(107, 'C', 'C7', 2, 1),
(108, 'C', 'C8', 2, 0),
(109, 'C', 'C9', 2, 0),
(110, 'C', 'C10', 2, 0),
(111, 'D', 'D1', 2, 0),
(112, 'D', 'D2', 2, 0),
(113, 'D', 'D3', 2, 0),
(114, 'D', 'D4', 2, 0),
(115, 'D', 'D5', 2, 0),
(116, 'D', 'D6', 2, 0),
(117, 'D', 'D7', 2, 0),
(118, 'D', 'D8', 2, 0),
(119, 'D', 'D9', 2, 0),
(120, 'D', 'D10', 2, 0),
(121, 'E', 'E1', 2, 0),
(122, 'E', 'E2', 2, 0),
(123, 'E', 'E3', 2, 0),
(124, 'E', 'E4', 2, 1),
(125, 'E', 'E5', 2, 1),
(126, 'E', 'E6', 2, 0),
(127, 'E', 'E7', 2, 0),
(128, 'E', 'E8', 2, 0),
(129, 'E', 'E9', 2, 0),
(130, 'E', 'E10', 2, 0),
(131, 'F', 'F1', 2, 0),
(132, 'F', 'F2', 2, 0),
(133, 'F', 'F3', 2, 0),
(134, 'F', 'F4', 2, 0),
(135, 'F', 'F5', 2, 1),
(136, 'F', 'F6', 2, 0),
(137, 'F', 'F7', 2, 0),
(138, 'F', 'F8', 2, 0),
(139, 'F', 'F9', 2, 0),
(140, 'F', 'F10', 2, 0),
(141, 'G', 'G1', 2, 0),
(142, 'G', 'G2', 2, 0),
(143, 'G', 'G3', 2, 0),
(144, 'G', 'G4', 2, 0),
(145, 'G', 'G5', 2, 0),
(146, 'G', 'G6', 2, 0),
(147, 'G', 'G7', 2, 0),
(148, 'G', 'G8', 2, 0),
(149, 'G', 'G9', 2, 0),
(150, 'G', 'G10', 2, 0),
(151, 'H', 'H1', 2, 0),
(152, 'H', 'H2', 2, 0),
(153, 'H', 'H3', 2, 0),
(154, 'H', 'H4', 2, 0),
(155, 'H', 'H5', 2, 0),
(156, 'H', 'H6', 2, 0),
(157, 'H', 'H7', 2, 0),
(158, 'H', 'H8', 2, 0),
(159, 'H', 'H9', 2, 0),
(160, 'H', 'H10', 2, 0),
(161, 'A', 'A1', 6, 0),
(162, 'A', 'A2', 6, 0),
(163, 'A', 'A3', 6, 0),
(164, 'A', 'A4', 6, 0),
(165, 'A', 'A5', 6, 0),
(166, 'A', 'A6', 6, 0),
(167, 'A', 'A7', 6, 0),
(168, 'A', 'A8', 6, 0),
(169, 'A', 'A9', 6, 0),
(170, 'A', 'A10', 6, 0),
(171, 'B', 'B1', 6, 0),
(172, 'B', 'B2', 6, 0),
(173, 'B', 'B3', 6, 0),
(174, 'B', 'B4', 6, 0),
(175, 'B', 'B5', 6, 0),
(176, 'B', 'B6', 6, 0),
(177, 'B', 'B7', 6, 0),
(178, 'B', 'B8', 6, 0),
(179, 'B', 'B9', 6, 0),
(180, 'B', 'B10', 6, 0),
(181, 'C', 'C1', 6, 0),
(182, 'C', 'C2', 6, 0),
(183, 'C', 'C3', 6, 0),
(184, 'C', 'C4', 6, 0),
(185, 'C', 'C5', 6, 0),
(186, 'C', 'C6', 6, 0),
(187, 'C', 'C7', 6, 0),
(188, 'C', 'C8', 6, 0),
(189, 'C', 'C9', 6, 0),
(190, 'C', 'C10', 6, 0),
(191, 'D', 'D1', 6, 0),
(192, 'D', 'D2', 6, 0),
(193, 'D', 'D3', 6, 0),
(194, 'D', 'D4', 6, 0),
(195, 'D', 'D5', 6, 0),
(196, 'D', 'D6', 6, 0),
(197, 'D', 'D7', 6, 0),
(198, 'D', 'D8', 6, 0),
(199, 'D', 'D9', 6, 0),
(200, 'D', 'D10', 6, 0),
(201, 'E', 'E1', 6, 0),
(202, 'E', 'E2', 6, 0),
(203, 'E', 'E3', 6, 0),
(204, 'E', 'E4', 6, 0),
(205, 'E', 'E5', 6, 0),
(206, 'E', 'E6', 6, 0),
(207, 'E', 'E7', 6, 0),
(208, 'E', 'E8', 6, 0),
(209, 'E', 'E9', 6, 0),
(210, 'E', 'E10', 6, 0),
(211, 'F', 'F1', 6, 0),
(212, 'F', 'F2', 6, 0),
(213, 'F', 'F3', 6, 0),
(214, 'F', 'F4', 6, 0),
(215, 'F', 'F5', 6, 0),
(216, 'F', 'F6', 6, 0),
(217, 'F', 'F7', 6, 0),
(218, 'F', 'F8', 6, 0),
(219, 'F', 'F9', 6, 0),
(220, 'F', 'F10', 6, 0),
(221, 'G', 'G1', 6, 0),
(222, 'G', 'G2', 6, 0),
(223, 'G', 'G3', 6, 0),
(224, 'G', 'G4', 6, 0),
(225, 'G', 'G5', 6, 0),
(226, 'G', 'G6', 6, 0),
(227, 'G', 'G7', 6, 0),
(228, 'G', 'G8', 6, 0),
(229, 'G', 'G9', 6, 0),
(230, 'G', 'G10', 6, 0),
(231, 'H', 'H1', 6, 0),
(232, 'H', 'H2', 6, 0),
(233, 'H', 'H3', 6, 0),
(234, 'H', 'H4', 6, 0),
(235, 'H', 'H5', 6, 0),
(236, 'H', 'H6', 6, 0),
(237, 'H', 'H7', 6, 0),
(238, 'H', 'H8', 6, 0),
(239, 'H', 'H9', 6, 0),
(240, 'H', 'H10', 6, 0),
(241, 'A', 'A1', 7, 0),
(242, 'A', 'A2', 7, 0),
(243, 'A', 'A3', 7, 1),
(244, 'A', 'A4', 7, 0),
(245, 'A', 'A5', 7, 1),
(246, 'A', 'A6', 7, 1),
(247, 'A', 'A7', 7, 0),
(248, 'A', 'A8', 7, 0),
(249, 'A', 'A9', 7, 0),
(250, 'A', 'A10', 7, 0),
(251, 'B', 'B1', 7, 0),
(252, 'B', 'B2', 7, 0),
(253, 'B', 'B3', 7, 0),
(254, 'B', 'B4', 7, 0),
(255, 'B', 'B5', 7, 0),
(256, 'B', 'B6', 7, 0),
(257, 'B', 'B7', 7, 0),
(258, 'B', 'B8', 7, 0),
(259, 'B', 'B9', 7, 0),
(260, 'B', 'B10', 7, 0),
(261, 'C', 'C1', 7, 0),
(262, 'C', 'C2', 7, 0),
(263, 'C', 'C3', 7, 0),
(264, 'C', 'C4', 7, 0),
(265, 'C', 'C5', 7, 0),
(266, 'C', 'C6', 7, 0),
(267, 'C', 'C7', 7, 0),
(268, 'C', 'C8', 7, 0),
(269, 'C', 'C9', 7, 0),
(270, 'C', 'C10', 7, 0),
(271, 'D', 'D1', 7, 0),
(272, 'D', 'D2', 7, 0),
(273, 'D', 'D3', 7, 0),
(274, 'D', 'D4', 7, 0),
(275, 'D', 'D5', 7, 0),
(276, 'D', 'D6', 7, 0),
(277, 'D', 'D7', 7, 0),
(278, 'D', 'D8', 7, 0),
(279, 'D', 'D9', 7, 0),
(280, 'D', 'D10', 7, 0),
(281, 'E', 'E1', 7, 0),
(282, 'E', 'E2', 7, 0),
(283, 'E', 'E3', 7, 0),
(284, 'E', 'E4', 7, 0),
(285, 'E', 'E5', 7, 0),
(286, 'E', 'E6', 7, 0),
(287, 'E', 'E7', 7, 0),
(288, 'E', 'E8', 7, 0),
(289, 'E', 'E9', 7, 0),
(290, 'E', 'E10', 7, 0),
(291, 'F', 'F1', 7, 0),
(292, 'F', 'F2', 7, 0),
(293, 'F', 'F3', 7, 0),
(294, 'F', 'F4', 7, 0),
(295, 'F', 'F5', 7, 0),
(296, 'F', 'F6', 7, 0),
(297, 'F', 'F7', 7, 0),
(298, 'F', 'F8', 7, 0),
(299, 'F', 'F9', 7, 0),
(300, 'F', 'F10', 7, 0),
(301, 'G', 'G1', 7, 0),
(302, 'G', 'G2', 7, 0),
(303, 'G', 'G3', 7, 0),
(304, 'G', 'G4', 7, 0),
(305, 'G', 'G5', 7, 0),
(306, 'G', 'G6', 7, 0),
(307, 'G', 'G7', 7, 0),
(308, 'G', 'G8', 7, 0),
(309, 'G', 'G9', 7, 0),
(310, 'G', 'G10', 7, 0),
(311, 'H', 'H1', 7, 0),
(312, 'H', 'H2', 7, 0),
(313, 'H', 'H3', 7, 0),
(314, 'H', 'H4', 7, 0),
(315, 'H', 'H5', 7, 0),
(316, 'H', 'H6', 7, 0),
(317, 'H', 'H7', 7, 0),
(318, 'H', 'H8', 7, 0),
(319, 'H', 'H9', 7, 0),
(320, 'H', 'H10', 7, 0),
(321, 'A', 'A1', 8, 0),
(322, 'A', 'A2', 8, 0),
(323, 'A', 'A3', 8, 0),
(324, 'A', 'A4', 8, 0),
(325, 'A', 'A5', 8, 0),
(326, 'A', 'A6', 8, 0),
(327, 'A', 'A7', 8, 0),
(328, 'A', 'A8', 8, 0),
(329, 'A', 'A9', 8, 0),
(330, 'A', 'A10', 8, 0),
(331, 'B', 'B1', 8, 0),
(332, 'B', 'B2', 8, 0),
(333, 'B', 'B3', 8, 0),
(334, 'B', 'B4', 8, 0),
(335, 'B', 'B5', 8, 0),
(336, 'B', 'B6', 8, 0),
(337, 'B', 'B7', 8, 0),
(338, 'B', 'B8', 8, 0),
(339, 'B', 'B9', 8, 0),
(340, 'B', 'B10', 8, 0),
(341, 'C', 'C1', 8, 0),
(342, 'C', 'C2', 8, 0),
(343, 'C', 'C3', 8, 0),
(344, 'C', 'C4', 8, 0),
(345, 'C', 'C5', 8, 0),
(346, 'C', 'C6', 8, 0),
(347, 'C', 'C7', 8, 0),
(348, 'C', 'C8', 8, 0),
(349, 'C', 'C9', 8, 0),
(350, 'C', 'C10', 8, 0),
(351, 'D', 'D1', 8, 0),
(352, 'D', 'D2', 8, 0),
(353, 'D', 'D3', 8, 0),
(354, 'D', 'D4', 8, 0),
(355, 'D', 'D5', 8, 0),
(356, 'D', 'D6', 8, 0),
(357, 'D', 'D7', 8, 0),
(358, 'D', 'D8', 8, 0),
(359, 'D', 'D9', 8, 0),
(360, 'D', 'D10', 8, 0),
(361, 'E', 'E1', 8, 0),
(362, 'E', 'E2', 8, 0),
(363, 'E', 'E3', 8, 0),
(364, 'E', 'E4', 8, 0),
(365, 'E', 'E5', 8, 0),
(366, 'E', 'E6', 8, 0),
(367, 'E', 'E7', 8, 0),
(368, 'E', 'E8', 8, 0),
(369, 'E', 'E9', 8, 0),
(370, 'E', 'E10', 8, 0),
(371, 'F', 'F1', 8, 0),
(372, 'F', 'F2', 8, 0),
(373, 'F', 'F3', 8, 0),
(374, 'F', 'F4', 8, 0),
(375, 'F', 'F5', 8, 0),
(376, 'F', 'F6', 8, 0),
(377, 'F', 'F7', 8, 0),
(378, 'F', 'F8', 8, 0),
(379, 'F', 'F9', 8, 0),
(380, 'F', 'F10', 8, 0),
(381, 'G', 'G1', 8, 0),
(382, 'G', 'G2', 8, 0),
(383, 'G', 'G3', 8, 0),
(384, 'G', 'G4', 8, 0),
(385, 'G', 'G5', 8, 0),
(386, 'G', 'G6', 8, 0),
(387, 'G', 'G7', 8, 0),
(388, 'G', 'G8', 8, 0),
(389, 'G', 'G9', 8, 0),
(390, 'G', 'G10', 8, 0),
(391, 'H', 'H1', 8, 0),
(392, 'H', 'H2', 8, 0),
(393, 'H', 'H3', 8, 0),
(394, 'H', 'H4', 8, 0),
(395, 'H', 'H5', 8, 0),
(396, 'H', 'H6', 8, 0),
(397, 'H', 'H7', 8, 0),
(398, 'H', 'H8', 8, 0),
(399, 'H', 'H9', 8, 0),
(400, 'H', 'H10', 8, 0),
(401, 'A', 'A1', 9, 0),
(402, 'A', 'A2', 9, 0),
(403, 'A', 'A3', 9, 0),
(404, 'A', 'A4', 9, 0),
(405, 'A', 'A5', 9, 0),
(406, 'A', 'A6', 9, 0),
(407, 'A', 'A7', 9, 0),
(408, 'A', 'A8', 9, 0),
(409, 'A', 'A9', 9, 0),
(410, 'A', 'A10', 9, 0),
(411, 'B', 'B1', 9, 0),
(412, 'B', 'B2', 9, 0),
(413, 'B', 'B3', 9, 0),
(414, 'B', 'B4', 9, 0),
(415, 'B', 'B5', 9, 0),
(416, 'B', 'B6', 9, 0),
(417, 'B', 'B7', 9, 0),
(418, 'B', 'B8', 9, 0),
(419, 'B', 'B9', 9, 0),
(420, 'B', 'B10', 9, 0),
(421, 'C', 'C1', 9, 0),
(422, 'C', 'C2', 9, 1),
(423, 'C', 'C3', 9, 0),
(424, 'C', 'C4', 9, 0),
(425, 'C', 'C5', 9, 0),
(426, 'C', 'C6', 9, 0),
(427, 'C', 'C7', 9, 1),
(428, 'C', 'C8', 9, 0),
(429, 'C', 'C9', 9, 0),
(430, 'C', 'C10', 9, 1),
(431, 'D', 'D1', 9, 0),
(432, 'D', 'D2', 9, 0),
(433, 'D', 'D3', 9, 0),
(434, 'D', 'D4', 9, 0),
(435, 'D', 'D5', 9, 0),
(436, 'D', 'D6', 9, 0),
(437, 'D', 'D7', 9, 0),
(438, 'D', 'D8', 9, 0),
(439, 'D', 'D9', 9, 0),
(440, 'D', 'D10', 9, 0),
(441, 'E', 'E1', 9, 0),
(442, 'E', 'E2', 9, 0),
(443, 'E', 'E3', 9, 0),
(444, 'E', 'E4', 9, 0),
(445, 'E', 'E5', 9, 0),
(446, 'E', 'E6', 9, 0),
(447, 'E', 'E7', 9, 0),
(448, 'E', 'E8', 9, 0),
(449, 'E', 'E9', 9, 0),
(450, 'E', 'E10', 9, 0),
(451, 'F', 'F1', 9, 0),
(452, 'F', 'F2', 9, 0),
(453, 'F', 'F3', 9, 0),
(454, 'F', 'F4', 9, 0),
(455, 'F', 'F5', 9, 0),
(456, 'F', 'F6', 9, 0),
(457, 'F', 'F7', 9, 0),
(458, 'F', 'F8', 9, 0),
(459, 'F', 'F9', 9, 0),
(460, 'F', 'F10', 9, 0),
(461, 'G', 'G1', 9, 0),
(462, 'G', 'G2', 9, 0),
(463, 'G', 'G3', 9, 0),
(464, 'G', 'G4', 9, 0),
(465, 'G', 'G5', 9, 0),
(466, 'G', 'G6', 9, 0),
(467, 'G', 'G7', 9, 0),
(468, 'G', 'G8', 9, 0),
(469, 'G', 'G9', 9, 0),
(470, 'G', 'G10', 9, 0),
(471, 'H', 'H1', 9, 0),
(472, 'H', 'H2', 9, 0),
(473, 'H', 'H3', 9, 0),
(474, 'H', 'H4', 9, 0),
(475, 'H', 'H5', 9, 0),
(476, 'H', 'H6', 9, 0),
(477, 'H', 'H7', 9, 0),
(478, 'H', 'H8', 9, 0),
(479, 'H', 'H9', 9, 0),
(480, 'H', 'H10', 9, 0),
(481, 'A', 'A1', 10, 0),
(482, 'A', 'A2', 10, 0),
(483, 'A', 'A3', 10, 0),
(484, 'A', 'A4', 10, 0),
(485, 'A', 'A5', 10, 0),
(486, 'A', 'A6', 10, 0),
(487, 'A', 'A7', 10, 0),
(488, 'A', 'A8', 10, 0),
(489, 'A', 'A9', 10, 0),
(490, 'A', 'A10', 10, 0),
(491, 'B', 'B1', 10, 0),
(492, 'B', 'B2', 10, 0),
(493, 'B', 'B3', 10, 0),
(494, 'B', 'B4', 10, 0),
(495, 'B', 'B5', 10, 0),
(496, 'B', 'B6', 10, 0),
(497, 'B', 'B7', 10, 0),
(498, 'B', 'B8', 10, 0),
(499, 'B', 'B9', 10, 0),
(500, 'B', 'B10', 10, 0),
(501, 'C', 'C1', 10, 0),
(502, 'C', 'C2', 10, 0),
(503, 'C', 'C3', 10, 0),
(504, 'C', 'C4', 10, 0),
(505, 'C', 'C5', 10, 0),
(506, 'C', 'C6', 10, 0),
(507, 'C', 'C7', 10, 0),
(508, 'C', 'C8', 10, 0),
(509, 'C', 'C9', 10, 0),
(510, 'C', 'C10', 10, 0),
(511, 'D', 'D1', 10, 0),
(512, 'D', 'D2', 10, 0),
(513, 'D', 'D3', 10, 0),
(514, 'D', 'D4', 10, 0),
(515, 'D', 'D5', 10, 0),
(516, 'D', 'D6', 10, 0),
(517, 'D', 'D7', 10, 0),
(518, 'D', 'D8', 10, 0),
(519, 'D', 'D9', 10, 0),
(520, 'D', 'D10', 10, 0),
(521, 'E', 'E1', 10, 0),
(522, 'E', 'E2', 10, 0),
(523, 'E', 'E3', 10, 0),
(524, 'E', 'E4', 10, 0),
(525, 'E', 'E5', 10, 0),
(526, 'E', 'E6', 10, 0),
(527, 'E', 'E7', 10, 0),
(528, 'E', 'E8', 10, 0),
(529, 'E', 'E9', 10, 0),
(530, 'E', 'E10', 10, 0),
(531, 'F', 'F1', 10, 0),
(532, 'F', 'F2', 10, 0),
(533, 'F', 'F3', 10, 0),
(534, 'F', 'F4', 10, 0),
(535, 'F', 'F5', 10, 0),
(536, 'F', 'F6', 10, 0),
(537, 'F', 'F7', 10, 0),
(538, 'F', 'F8', 10, 0),
(539, 'F', 'F9', 10, 0),
(540, 'F', 'F10', 10, 0),
(541, 'G', 'G1', 10, 0),
(542, 'G', 'G2', 10, 0),
(543, 'G', 'G3', 10, 0),
(544, 'G', 'G4', 10, 0),
(545, 'G', 'G5', 10, 0),
(546, 'G', 'G6', 10, 0),
(547, 'G', 'G7', 10, 0),
(548, 'G', 'G8', 10, 0),
(549, 'G', 'G9', 10, 0),
(550, 'G', 'G10', 10, 0),
(551, 'H', 'H1', 10, 0),
(552, 'H', 'H2', 10, 0),
(553, 'H', 'H3', 10, 0),
(554, 'H', 'H4', 10, 0),
(555, 'H', 'H5', 10, 0),
(556, 'H', 'H6', 10, 0),
(557, 'H', 'H7', 10, 0),
(558, 'H', 'H8', 10, 0),
(559, 'H', 'H9', 10, 0),
(560, 'H', 'H10', 10, 0),
(561, 'A', 'A1', 11, 0),
(562, 'A', 'A2', 11, 0),
(563, 'A', 'A3', 11, 0),
(564, 'A', 'A4', 11, 0),
(565, 'A', 'A5', 11, 0),
(566, 'A', 'A6', 11, 0),
(567, 'A', 'A7', 11, 0),
(568, 'A', 'A8', 11, 0),
(569, 'A', 'A9', 11, 0),
(570, 'A', 'A10', 11, 0),
(571, 'B', 'B1', 11, 0),
(572, 'B', 'B2', 11, 0),
(573, 'B', 'B3', 11, 0),
(574, 'B', 'B4', 11, 0),
(575, 'B', 'B5', 11, 0),
(576, 'B', 'B6', 11, 0),
(577, 'B', 'B7', 11, 0),
(578, 'B', 'B8', 11, 0),
(579, 'B', 'B9', 11, 0),
(580, 'B', 'B10', 11, 0),
(581, 'C', 'C1', 11, 0),
(582, 'C', 'C2', 11, 0),
(583, 'C', 'C3', 11, 0),
(584, 'C', 'C4', 11, 0),
(585, 'C', 'C5', 11, 0),
(586, 'C', 'C6', 11, 0),
(587, 'C', 'C7', 11, 0),
(588, 'C', 'C8', 11, 0),
(589, 'C', 'C9', 11, 0),
(590, 'C', 'C10', 11, 0),
(591, 'D', 'D1', 11, 0),
(592, 'D', 'D2', 11, 0),
(593, 'D', 'D3', 11, 0),
(594, 'D', 'D4', 11, 0),
(595, 'D', 'D5', 11, 0),
(596, 'D', 'D6', 11, 0),
(597, 'D', 'D7', 11, 0),
(598, 'D', 'D8', 11, 0),
(599, 'D', 'D9', 11, 0),
(600, 'D', 'D10', 11, 0),
(601, 'E', 'E1', 11, 0),
(602, 'E', 'E2', 11, 0),
(603, 'E', 'E3', 11, 0),
(604, 'E', 'E4', 11, 0),
(605, 'E', 'E5', 11, 0),
(606, 'E', 'E6', 11, 0),
(607, 'E', 'E7', 11, 0),
(608, 'E', 'E8', 11, 0),
(609, 'E', 'E9', 11, 0),
(610, 'E', 'E10', 11, 0),
(611, 'F', 'F1', 11, 0),
(612, 'F', 'F2', 11, 0),
(613, 'F', 'F3', 11, 0),
(614, 'F', 'F4', 11, 0),
(615, 'F', 'F5', 11, 0),
(616, 'F', 'F6', 11, 0),
(617, 'F', 'F7', 11, 0),
(618, 'F', 'F8', 11, 0),
(619, 'F', 'F9', 11, 0),
(620, 'F', 'F10', 11, 0),
(621, 'G', 'G1', 11, 0),
(622, 'G', 'G2', 11, 0),
(623, 'G', 'G3', 11, 0),
(624, 'G', 'G4', 11, 0),
(625, 'G', 'G5', 11, 0),
(626, 'G', 'G6', 11, 0),
(627, 'G', 'G7', 11, 0),
(628, 'G', 'G8', 11, 0),
(629, 'G', 'G9', 11, 0),
(630, 'G', 'G10', 11, 0),
(631, 'H', 'H1', 11, 0),
(632, 'H', 'H2', 11, 0),
(633, 'H', 'H3', 11, 0),
(634, 'H', 'H4', 11, 0),
(635, 'H', 'H5', 11, 0),
(636, 'H', 'H6', 11, 0),
(637, 'H', 'H7', 11, 0),
(638, 'H', 'H8', 11, 0),
(639, 'H', 'H9', 11, 0),
(640, 'H', 'H10', 11, 0),
(641, 'A', 'A1', 12, 0),
(642, 'A', 'A2', 12, 0),
(643, 'A', 'A3', 12, 0),
(644, 'A', 'A4', 12, 0),
(645, 'A', 'A5', 12, 0),
(646, 'A', 'A6', 12, 0),
(647, 'A', 'A7', 12, 0),
(648, 'A', 'A8', 12, 0),
(649, 'A', 'A9', 12, 0),
(650, 'A', 'A10', 12, 0),
(651, 'B', 'B1', 12, 0),
(652, 'B', 'B2', 12, 0),
(653, 'B', 'B3', 12, 0),
(654, 'B', 'B4', 12, 0),
(655, 'B', 'B5', 12, 0),
(656, 'B', 'B6', 12, 0),
(657, 'B', 'B7', 12, 0),
(658, 'B', 'B8', 12, 0),
(659, 'B', 'B9', 12, 0),
(660, 'B', 'B10', 12, 0),
(661, 'C', 'C1', 12, 0),
(662, 'C', 'C2', 12, 0),
(663, 'C', 'C3', 12, 0),
(664, 'C', 'C4', 12, 0),
(665, 'C', 'C5', 12, 0),
(666, 'C', 'C6', 12, 0),
(667, 'C', 'C7', 12, 0),
(668, 'C', 'C8', 12, 0),
(669, 'C', 'C9', 12, 0),
(670, 'C', 'C10', 12, 0),
(671, 'D', 'D1', 12, 0),
(672, 'D', 'D2', 12, 0),
(673, 'D', 'D3', 12, 0),
(674, 'D', 'D4', 12, 0),
(675, 'D', 'D5', 12, 0),
(676, 'D', 'D6', 12, 0),
(677, 'D', 'D7', 12, 0),
(678, 'D', 'D8', 12, 0),
(679, 'D', 'D9', 12, 0),
(680, 'D', 'D10', 12, 0),
(681, 'E', 'E1', 12, 0),
(682, 'E', 'E2', 12, 0),
(683, 'E', 'E3', 12, 0),
(684, 'E', 'E4', 12, 0),
(685, 'E', 'E5', 12, 0),
(686, 'E', 'E6', 12, 0),
(687, 'E', 'E7', 12, 0),
(688, 'E', 'E8', 12, 0),
(689, 'E', 'E9', 12, 0),
(690, 'E', 'E10', 12, 0),
(691, 'F', 'F1', 12, 0),
(692, 'F', 'F2', 12, 0),
(693, 'F', 'F3', 12, 0),
(694, 'F', 'F4', 12, 0),
(695, 'F', 'F5', 12, 0),
(696, 'F', 'F6', 12, 0),
(697, 'F', 'F7', 12, 0),
(698, 'F', 'F8', 12, 0),
(699, 'F', 'F9', 12, 0),
(700, 'F', 'F10', 12, 0),
(701, 'G', 'G1', 12, 0),
(702, 'G', 'G2', 12, 0),
(703, 'G', 'G3', 12, 0),
(704, 'G', 'G4', 12, 0),
(705, 'G', 'G5', 12, 0),
(706, 'G', 'G6', 12, 0),
(707, 'G', 'G7', 12, 0),
(708, 'G', 'G8', 12, 0),
(709, 'G', 'G9', 12, 0),
(710, 'G', 'G10', 12, 0),
(711, 'H', 'H1', 12, 0),
(712, 'H', 'H2', 12, 0),
(713, 'H', 'H3', 12, 0),
(714, 'H', 'H4', 12, 0),
(715, 'H', 'H5', 12, 0),
(716, 'H', 'H6', 12, 0),
(717, 'H', 'H7', 12, 0),
(718, 'H', 'H8', 12, 0),
(719, 'H', 'H9', 12, 0),
(720, 'H', 'H10', 12, 0),
(721, 'A', 'A1', 13, 0),
(722, 'A', 'A2', 13, 0),
(723, 'A', 'A3', 13, 0),
(724, 'A', 'A4', 13, 0),
(725, 'A', 'A5', 13, 0),
(726, 'A', 'A6', 13, 0),
(727, 'A', 'A7', 13, 0),
(728, 'A', 'A8', 13, 0),
(729, 'A', 'A9', 13, 0),
(730, 'A', 'A10', 13, 0),
(731, 'B', 'B1', 13, 0),
(732, 'B', 'B2', 13, 0),
(733, 'B', 'B3', 13, 0),
(734, 'B', 'B4', 13, 0),
(735, 'B', 'B5', 13, 0),
(736, 'B', 'B6', 13, 0),
(737, 'B', 'B7', 13, 0),
(738, 'B', 'B8', 13, 0),
(739, 'B', 'B9', 13, 0),
(740, 'B', 'B10', 13, 0),
(741, 'C', 'C1', 13, 0),
(742, 'C', 'C2', 13, 0),
(743, 'C', 'C3', 13, 0),
(744, 'C', 'C4', 13, 0),
(745, 'C', 'C5', 13, 0),
(746, 'C', 'C6', 13, 0),
(747, 'C', 'C7', 13, 0),
(748, 'C', 'C8', 13, 0),
(749, 'C', 'C9', 13, 0),
(750, 'C', 'C10', 13, 0),
(751, 'D', 'D1', 13, 1),
(752, 'D', 'D2', 13, 0),
(753, 'D', 'D3', 13, 0),
(754, 'D', 'D4', 13, 0),
(755, 'D', 'D5', 13, 0),
(756, 'D', 'D6', 13, 0),
(757, 'D', 'D7', 13, 0),
(758, 'D', 'D8', 13, 1),
(759, 'D', 'D9', 13, 0),
(760, 'D', 'D10', 13, 1),
(761, 'E', 'E1', 13, 0),
(762, 'E', 'E2', 13, 0),
(763, 'E', 'E3', 13, 0),
(764, 'E', 'E4', 13, 0),
(765, 'E', 'E5', 13, 0),
(766, 'E', 'E6', 13, 0),
(767, 'E', 'E7', 13, 0),
(768, 'E', 'E8', 13, 0),
(769, 'E', 'E9', 13, 0),
(770, 'E', 'E10', 13, 0),
(771, 'F', 'F1', 13, 0),
(772, 'F', 'F2', 13, 0),
(773, 'F', 'F3', 13, 0),
(774, 'F', 'F4', 13, 0),
(775, 'F', 'F5', 13, 0),
(776, 'F', 'F6', 13, 0),
(777, 'F', 'F7', 13, 0),
(778, 'F', 'F8', 13, 0),
(779, 'F', 'F9', 13, 0),
(780, 'F', 'F10', 13, 0),
(781, 'G', 'G1', 13, 0),
(782, 'G', 'G2', 13, 0),
(783, 'G', 'G3', 13, 0),
(784, 'G', 'G4', 13, 0),
(785, 'G', 'G5', 13, 0),
(786, 'G', 'G6', 13, 0),
(787, 'G', 'G7', 13, 0),
(788, 'G', 'G8', 13, 0),
(789, 'G', 'G9', 13, 0),
(790, 'G', 'G10', 13, 0),
(791, 'H', 'H1', 13, 0),
(792, 'H', 'H2', 13, 0),
(793, 'H', 'H3', 13, 0),
(794, 'H', 'H4', 13, 0),
(795, 'H', 'H5', 13, 0),
(796, 'H', 'H6', 13, 0),
(797, 'H', 'H7', 13, 0),
(798, 'H', 'H8', 13, 0),
(799, 'H', 'H9', 13, 0),
(800, 'H', 'H10', 13, 0),
(801, 'A', 'A1', 14, 0),
(802, 'A', 'A2', 14, 0),
(803, 'A', 'A3', 14, 0),
(804, 'A', 'A4', 14, 0),
(805, 'A', 'A5', 14, 0),
(806, 'A', 'A6', 14, 0),
(807, 'A', 'A7', 14, 0),
(808, 'A', 'A8', 14, 0),
(809, 'A', 'A9', 14, 0),
(810, 'A', 'A10', 14, 0),
(811, 'B', 'B1', 14, 0),
(812, 'B', 'B2', 14, 0),
(813, 'B', 'B3', 14, 0),
(814, 'B', 'B4', 14, 0),
(815, 'B', 'B5', 14, 0),
(816, 'B', 'B6', 14, 0),
(817, 'B', 'B7', 14, 0),
(818, 'B', 'B8', 14, 0),
(819, 'B', 'B9', 14, 0),
(820, 'B', 'B10', 14, 0),
(821, 'C', 'C1', 14, 0),
(822, 'C', 'C2', 14, 0),
(823, 'C', 'C3', 14, 0),
(824, 'C', 'C4', 14, 0),
(825, 'C', 'C5', 14, 0),
(826, 'C', 'C6', 14, 0),
(827, 'C', 'C7', 14, 0),
(828, 'C', 'C8', 14, 0),
(829, 'C', 'C9', 14, 0),
(830, 'C', 'C10', 14, 0),
(831, 'D', 'D1', 14, 0),
(832, 'D', 'D2', 14, 0),
(833, 'D', 'D3', 14, 0),
(834, 'D', 'D4', 14, 0),
(835, 'D', 'D5', 14, 0),
(836, 'D', 'D6', 14, 0),
(837, 'D', 'D7', 14, 0),
(838, 'D', 'D8', 14, 0),
(839, 'D', 'D9', 14, 0),
(840, 'D', 'D10', 14, 0),
(841, 'E', 'E1', 14, 0),
(842, 'E', 'E2', 14, 0),
(843, 'E', 'E3', 14, 0),
(844, 'E', 'E4', 14, 0),
(845, 'E', 'E5', 14, 0),
(846, 'E', 'E6', 14, 0),
(847, 'E', 'E7', 14, 0),
(848, 'E', 'E8', 14, 0),
(849, 'E', 'E9', 14, 0),
(850, 'E', 'E10', 14, 0),
(851, 'F', 'F1', 14, 0),
(852, 'F', 'F2', 14, 0),
(853, 'F', 'F3', 14, 0),
(854, 'F', 'F4', 14, 0),
(855, 'F', 'F5', 14, 0),
(856, 'F', 'F6', 14, 0),
(857, 'F', 'F7', 14, 0),
(858, 'F', 'F8', 14, 0),
(859, 'F', 'F9', 14, 0),
(860, 'F', 'F10', 14, 0),
(861, 'G', 'G1', 14, 0),
(862, 'G', 'G2', 14, 0),
(863, 'G', 'G3', 14, 0),
(864, 'G', 'G4', 14, 0),
(865, 'G', 'G5', 14, 0),
(866, 'G', 'G6', 14, 0),
(867, 'G', 'G7', 14, 0),
(868, 'G', 'G8', 14, 0),
(869, 'G', 'G9', 14, 0),
(870, 'G', 'G10', 14, 0),
(871, 'H', 'H1', 14, 0),
(872, 'H', 'H2', 14, 0),
(873, 'H', 'H3', 14, 0),
(874, 'H', 'H4', 14, 0),
(875, 'H', 'H5', 14, 0),
(876, 'H', 'H6', 14, 0),
(877, 'H', 'H7', 14, 0),
(878, 'H', 'H8', 14, 0),
(879, 'H', 'H9', 14, 0),
(880, 'H', 'H10', 14, 0),
(881, 'A', 'A1', 15, 0),
(882, 'A', 'A2', 15, 0),
(883, 'A', 'A3', 15, 0),
(884, 'A', 'A4', 15, 0),
(885, 'A', 'A5', 15, 0),
(886, 'A', 'A6', 15, 0),
(887, 'A', 'A7', 15, 0),
(888, 'A', 'A8', 15, 0),
(889, 'A', 'A9', 15, 0),
(890, 'A', 'A10', 15, 0),
(891, 'B', 'B1', 15, 0),
(892, 'B', 'B2', 15, 0),
(893, 'B', 'B3', 15, 0),
(894, 'B', 'B4', 15, 0),
(895, 'B', 'B5', 15, 0),
(896, 'B', 'B6', 15, 0),
(897, 'B', 'B7', 15, 0),
(898, 'B', 'B8', 15, 0),
(899, 'B', 'B9', 15, 0),
(900, 'B', 'B10', 15, 0),
(901, 'C', 'C1', 15, 0),
(902, 'C', 'C2', 15, 0),
(903, 'C', 'C3', 15, 0),
(904, 'C', 'C4', 15, 0),
(905, 'C', 'C5', 15, 0),
(906, 'C', 'C6', 15, 0),
(907, 'C', 'C7', 15, 0),
(908, 'C', 'C8', 15, 0),
(909, 'C', 'C9', 15, 0),
(910, 'C', 'C10', 15, 0),
(911, 'D', 'D1', 15, 0),
(912, 'D', 'D2', 15, 0),
(913, 'D', 'D3', 15, 0),
(914, 'D', 'D4', 15, 0),
(915, 'D', 'D5', 15, 0),
(916, 'D', 'D6', 15, 0),
(917, 'D', 'D7', 15, 0),
(918, 'D', 'D8', 15, 0),
(919, 'D', 'D9', 15, 0),
(920, 'D', 'D10', 15, 0),
(921, 'E', 'E1', 15, 0),
(922, 'E', 'E2', 15, 0),
(923, 'E', 'E3', 15, 0),
(924, 'E', 'E4', 15, 0),
(925, 'E', 'E5', 15, 0),
(926, 'E', 'E6', 15, 0),
(927, 'E', 'E7', 15, 0),
(928, 'E', 'E8', 15, 0),
(929, 'E', 'E9', 15, 0),
(930, 'E', 'E10', 15, 0),
(931, 'F', 'F1', 15, 0),
(932, 'F', 'F2', 15, 0),
(933, 'F', 'F3', 15, 0),
(934, 'F', 'F4', 15, 0),
(935, 'F', 'F5', 15, 0),
(936, 'F', 'F6', 15, 0),
(937, 'F', 'F7', 15, 0),
(938, 'F', 'F8', 15, 0),
(939, 'F', 'F9', 15, 0),
(940, 'F', 'F10', 15, 0),
(941, 'G', 'G1', 15, 0),
(942, 'G', 'G2', 15, 0),
(943, 'G', 'G3', 15, 0),
(944, 'G', 'G4', 15, 0),
(945, 'G', 'G5', 15, 0),
(946, 'G', 'G6', 15, 0),
(947, 'G', 'G7', 15, 0),
(948, 'G', 'G8', 15, 0),
(949, 'G', 'G9', 15, 0),
(950, 'G', 'G10', 15, 0),
(951, 'H', 'H1', 15, 0),
(952, 'H', 'H2', 15, 0),
(953, 'H', 'H3', 15, 0),
(954, 'H', 'H4', 15, 0),
(955, 'H', 'H5', 15, 0),
(956, 'H', 'H6', 15, 0),
(957, 'H', 'H7', 15, 0),
(958, 'H', 'H8', 15, 0),
(959, 'H', 'H9', 15, 0),
(960, 'H', 'H10', 15, 0),
(961, 'A', 'A1', 16, 0),
(962, 'A', 'A2', 16, 0),
(963, 'A', 'A3', 16, 0),
(964, 'A', 'A4', 16, 0),
(965, 'A', 'A5', 16, 0),
(966, 'A', 'A6', 16, 0),
(967, 'A', 'A7', 16, 0),
(968, 'A', 'A8', 16, 0),
(969, 'A', 'A9', 16, 0),
(970, 'A', 'A10', 16, 0),
(971, 'B', 'B1', 16, 0),
(972, 'B', 'B2', 16, 0),
(973, 'B', 'B3', 16, 0),
(974, 'B', 'B4', 16, 0),
(975, 'B', 'B5', 16, 0),
(976, 'B', 'B6', 16, 0),
(977, 'B', 'B7', 16, 0),
(978, 'B', 'B8', 16, 0),
(979, 'B', 'B9', 16, 0),
(980, 'B', 'B10', 16, 0),
(981, 'C', 'C1', 16, 0),
(982, 'C', 'C2', 16, 0),
(983, 'C', 'C3', 16, 0),
(984, 'C', 'C4', 16, 0),
(985, 'C', 'C5', 16, 0),
(986, 'C', 'C6', 16, 0),
(987, 'C', 'C7', 16, 0),
(988, 'C', 'C8', 16, 0),
(989, 'C', 'C9', 16, 0),
(990, 'C', 'C10', 16, 0),
(991, 'D', 'D1', 16, 0),
(992, 'D', 'D2', 16, 0),
(993, 'D', 'D3', 16, 0),
(994, 'D', 'D4', 16, 0),
(995, 'D', 'D5', 16, 0),
(996, 'D', 'D6', 16, 0),
(997, 'D', 'D7', 16, 0),
(998, 'D', 'D8', 16, 0),
(999, 'D', 'D9', 16, 0),
(1000, 'D', 'D10', 16, 0),
(1001, 'E', 'E1', 16, 0),
(1002, 'E', 'E2', 16, 0),
(1003, 'E', 'E3', 16, 0),
(1004, 'E', 'E4', 16, 0),
(1005, 'E', 'E5', 16, 0),
(1006, 'E', 'E6', 16, 0),
(1007, 'E', 'E7', 16, 0),
(1008, 'E', 'E8', 16, 0),
(1009, 'E', 'E9', 16, 0),
(1010, 'E', 'E10', 16, 0),
(1011, 'F', 'F1', 16, 0),
(1012, 'F', 'F2', 16, 0),
(1013, 'F', 'F3', 16, 0),
(1014, 'F', 'F4', 16, 0),
(1015, 'F', 'F5', 16, 0),
(1016, 'F', 'F6', 16, 0),
(1017, 'F', 'F7', 16, 0),
(1018, 'F', 'F8', 16, 0),
(1019, 'F', 'F9', 16, 0),
(1020, 'F', 'F10', 16, 0),
(1021, 'G', 'G1', 16, 0),
(1022, 'G', 'G2', 16, 0),
(1023, 'G', 'G3', 16, 0),
(1024, 'G', 'G4', 16, 0),
(1025, 'G', 'G5', 16, 0),
(1026, 'G', 'G6', 16, 0),
(1027, 'G', 'G7', 16, 0),
(1028, 'G', 'G8', 16, 0),
(1029, 'G', 'G9', 16, 0),
(1030, 'G', 'G10', 16, 0),
(1031, 'H', 'H1', 16, 0),
(1032, 'H', 'H2', 16, 0),
(1033, 'H', 'H3', 16, 0),
(1034, 'H', 'H4', 16, 0),
(1035, 'H', 'H5', 16, 0),
(1036, 'H', 'H6', 16, 0),
(1037, 'H', 'H7', 16, 0),
(1038, 'H', 'H8', 16, 0),
(1039, 'H', 'H9', 16, 0),
(1040, 'H', 'H10', 16, 0),
(1041, 'A', 'A1', 17, 0),
(1042, 'A', 'A2', 17, 0),
(1043, 'A', 'A3', 17, 0),
(1044, 'A', 'A4', 17, 0),
(1045, 'A', 'A5', 17, 0),
(1046, 'A', 'A6', 17, 0),
(1047, 'A', 'A7', 17, 0),
(1048, 'A', 'A8', 17, 0),
(1049, 'A', 'A9', 17, 0),
(1050, 'A', 'A10', 17, 0),
(1051, 'B', 'B1', 17, 0),
(1052, 'B', 'B2', 17, 0),
(1053, 'B', 'B3', 17, 0),
(1054, 'B', 'B4', 17, 0),
(1055, 'B', 'B5', 17, 0),
(1056, 'B', 'B6', 17, 0),
(1057, 'B', 'B7', 17, 0),
(1058, 'B', 'B8', 17, 0),
(1059, 'B', 'B9', 17, 0),
(1060, 'B', 'B10', 17, 0),
(1061, 'C', 'C1', 17, 0),
(1062, 'C', 'C2', 17, 0),
(1063, 'C', 'C3', 17, 0),
(1064, 'C', 'C4', 17, 0),
(1065, 'C', 'C5', 17, 0),
(1066, 'C', 'C6', 17, 0),
(1067, 'C', 'C7', 17, 0),
(1068, 'C', 'C8', 17, 0),
(1069, 'C', 'C9', 17, 0),
(1070, 'C', 'C10', 17, 0),
(1071, 'D', 'D1', 17, 0),
(1072, 'D', 'D2', 17, 0),
(1073, 'D', 'D3', 17, 0),
(1074, 'D', 'D4', 17, 0),
(1075, 'D', 'D5', 17, 0),
(1076, 'D', 'D6', 17, 0),
(1077, 'D', 'D7', 17, 0),
(1078, 'D', 'D8', 17, 0),
(1079, 'D', 'D9', 17, 0),
(1080, 'D', 'D10', 17, 0),
(1081, 'E', 'E1', 17, 0),
(1082, 'E', 'E2', 17, 0),
(1083, 'E', 'E3', 17, 0),
(1084, 'E', 'E4', 17, 0),
(1085, 'E', 'E5', 17, 0),
(1086, 'E', 'E6', 17, 0),
(1087, 'E', 'E7', 17, 0),
(1088, 'E', 'E8', 17, 0),
(1089, 'E', 'E9', 17, 0),
(1090, 'E', 'E10', 17, 0),
(1091, 'F', 'F1', 17, 0),
(1092, 'F', 'F2', 17, 0),
(1093, 'F', 'F3', 17, 0),
(1094, 'F', 'F4', 17, 0),
(1095, 'F', 'F5', 17, 0),
(1096, 'F', 'F6', 17, 0),
(1097, 'F', 'F7', 17, 0),
(1098, 'F', 'F8', 17, 0),
(1099, 'F', 'F9', 17, 0),
(1100, 'F', 'F10', 17, 0),
(1101, 'G', 'G1', 17, 0),
(1102, 'G', 'G2', 17, 0),
(1103, 'G', 'G3', 17, 0),
(1104, 'G', 'G4', 17, 0),
(1105, 'G', 'G5', 17, 0),
(1106, 'G', 'G6', 17, 0),
(1107, 'G', 'G7', 17, 0),
(1108, 'G', 'G8', 17, 0),
(1109, 'G', 'G9', 17, 0),
(1110, 'G', 'G10', 17, 0),
(1111, 'H', 'H1', 17, 0),
(1112, 'H', 'H2', 17, 0),
(1113, 'H', 'H3', 17, 0),
(1114, 'H', 'H4', 17, 0),
(1115, 'H', 'H5', 17, 0),
(1116, 'H', 'H6', 17, 0),
(1117, 'H', 'H7', 17, 0),
(1118, 'H', 'H8', 17, 0),
(1119, 'H', 'H9', 17, 0),
(1120, 'H', 'H10', 17, 0),
(1121, 'A', 'A1', 18, 0),
(1122, 'A', 'A2', 18, 0),
(1123, 'A', 'A3', 18, 0),
(1124, 'A', 'A4', 18, 0),
(1125, 'A', 'A5', 18, 0),
(1126, 'A', 'A6', 18, 0),
(1127, 'A', 'A7', 18, 0),
(1128, 'A', 'A8', 18, 0),
(1129, 'A', 'A9', 18, 0),
(1130, 'A', 'A10', 18, 0),
(1131, 'B', 'B1', 18, 0),
(1132, 'B', 'B2', 18, 0),
(1133, 'B', 'B3', 18, 0),
(1134, 'B', 'B4', 18, 0),
(1135, 'B', 'B5', 18, 0),
(1136, 'B', 'B6', 18, 0),
(1137, 'B', 'B7', 18, 0),
(1138, 'B', 'B8', 18, 0),
(1139, 'B', 'B9', 18, 0),
(1140, 'B', 'B10', 18, 0),
(1141, 'C', 'C1', 18, 0),
(1142, 'C', 'C2', 18, 0),
(1143, 'C', 'C3', 18, 0),
(1144, 'C', 'C4', 18, 0),
(1145, 'C', 'C5', 18, 0),
(1146, 'C', 'C6', 18, 0),
(1147, 'C', 'C7', 18, 0),
(1148, 'C', 'C8', 18, 0),
(1149, 'C', 'C9', 18, 0),
(1150, 'C', 'C10', 18, 0),
(1151, 'D', 'D1', 18, 0),
(1152, 'D', 'D2', 18, 0),
(1153, 'D', 'D3', 18, 0),
(1154, 'D', 'D4', 18, 0),
(1155, 'D', 'D5', 18, 0),
(1156, 'D', 'D6', 18, 0),
(1157, 'D', 'D7', 18, 0),
(1158, 'D', 'D8', 18, 0),
(1159, 'D', 'D9', 18, 0),
(1160, 'D', 'D10', 18, 0),
(1161, 'E', 'E1', 18, 0),
(1162, 'E', 'E2', 18, 0),
(1163, 'E', 'E3', 18, 0),
(1164, 'E', 'E4', 18, 0),
(1165, 'E', 'E5', 18, 0),
(1166, 'E', 'E6', 18, 0),
(1167, 'E', 'E7', 18, 0),
(1168, 'E', 'E8', 18, 0),
(1169, 'E', 'E9', 18, 0),
(1170, 'E', 'E10', 18, 0),
(1171, 'F', 'F1', 18, 0),
(1172, 'F', 'F2', 18, 0),
(1173, 'F', 'F3', 18, 0),
(1174, 'F', 'F4', 18, 0),
(1175, 'F', 'F5', 18, 0),
(1176, 'F', 'F6', 18, 0),
(1177, 'F', 'F7', 18, 0),
(1178, 'F', 'F8', 18, 0),
(1179, 'F', 'F9', 18, 0),
(1180, 'F', 'F10', 18, 0),
(1181, 'G', 'G1', 18, 0),
(1182, 'G', 'G2', 18, 0),
(1183, 'G', 'G3', 18, 0),
(1184, 'G', 'G4', 18, 0),
(1185, 'G', 'G5', 18, 0),
(1186, 'G', 'G6', 18, 0),
(1187, 'G', 'G7', 18, 0),
(1188, 'G', 'G8', 18, 0),
(1189, 'G', 'G9', 18, 0),
(1190, 'G', 'G10', 18, 0),
(1191, 'H', 'H1', 18, 0),
(1192, 'H', 'H2', 18, 0),
(1193, 'H', 'H3', 18, 0),
(1194, 'H', 'H4', 18, 0),
(1195, 'H', 'H5', 18, 0),
(1196, 'H', 'H6', 18, 0),
(1197, 'H', 'H7', 18, 0),
(1198, 'H', 'H8', 18, 0),
(1199, 'H', 'H9', 18, 0),
(1200, 'H', 'H10', 18, 0),
(1201, 'A', 'A1', 19, 0),
(1202, 'A', 'A2', 19, 0),
(1203, 'A', 'A3', 19, 0),
(1204, 'A', 'A4', 19, 0),
(1205, 'A', 'A5', 19, 0),
(1206, 'A', 'A6', 19, 0),
(1207, 'A', 'A7', 19, 0),
(1208, 'A', 'A8', 19, 0),
(1209, 'A', 'A9', 19, 0),
(1210, 'A', 'A10', 19, 0),
(1211, 'B', 'B1', 19, 0),
(1212, 'B', 'B2', 19, 0),
(1213, 'B', 'B3', 19, 0),
(1214, 'B', 'B4', 19, 0),
(1215, 'B', 'B5', 19, 0),
(1216, 'B', 'B6', 19, 0),
(1217, 'B', 'B7', 19, 0),
(1218, 'B', 'B8', 19, 0),
(1219, 'B', 'B9', 19, 0),
(1220, 'B', 'B10', 19, 0),
(1221, 'C', 'C1', 19, 0),
(1222, 'C', 'C2', 19, 0),
(1223, 'C', 'C3', 19, 0),
(1224, 'C', 'C4', 19, 0),
(1225, 'C', 'C5', 19, 0),
(1226, 'C', 'C6', 19, 0),
(1227, 'C', 'C7', 19, 0),
(1228, 'C', 'C8', 19, 0),
(1229, 'C', 'C9', 19, 0),
(1230, 'C', 'C10', 19, 0),
(1231, 'D', 'D1', 19, 0),
(1232, 'D', 'D2', 19, 0),
(1233, 'D', 'D3', 19, 0),
(1234, 'D', 'D4', 19, 0),
(1235, 'D', 'D5', 19, 0),
(1236, 'D', 'D6', 19, 0),
(1237, 'D', 'D7', 19, 0),
(1238, 'D', 'D8', 19, 0),
(1239, 'D', 'D9', 19, 0),
(1240, 'D', 'D10', 19, 0),
(1241, 'E', 'E1', 19, 0),
(1242, 'E', 'E2', 19, 0),
(1243, 'E', 'E3', 19, 0),
(1244, 'E', 'E4', 19, 0),
(1245, 'E', 'E5', 19, 0),
(1246, 'E', 'E6', 19, 0),
(1247, 'E', 'E7', 19, 0),
(1248, 'E', 'E8', 19, 0),
(1249, 'E', 'E9', 19, 0),
(1250, 'E', 'E10', 19, 0),
(1251, 'F', 'F1', 19, 0),
(1252, 'F', 'F2', 19, 0),
(1253, 'F', 'F3', 19, 0),
(1254, 'F', 'F4', 19, 0),
(1255, 'F', 'F5', 19, 0),
(1256, 'F', 'F6', 19, 0),
(1257, 'F', 'F7', 19, 0),
(1258, 'F', 'F8', 19, 0),
(1259, 'F', 'F9', 19, 0),
(1260, 'F', 'F10', 19, 0),
(1261, 'G', 'G1', 19, 0),
(1262, 'G', 'G2', 19, 0),
(1263, 'G', 'G3', 19, 0),
(1264, 'G', 'G4', 19, 0),
(1265, 'G', 'G5', 19, 0),
(1266, 'G', 'G6', 19, 0),
(1267, 'G', 'G7', 19, 0),
(1268, 'G', 'G8', 19, 0),
(1269, 'G', 'G9', 19, 0),
(1270, 'G', 'G10', 19, 0),
(1271, 'H', 'H1', 19, 0),
(1272, 'H', 'H2', 19, 0),
(1273, 'H', 'H3', 19, 0),
(1274, 'H', 'H4', 19, 0),
(1275, 'H', 'H5', 19, 0),
(1276, 'H', 'H6', 19, 0),
(1277, 'H', 'H7', 19, 0),
(1278, 'H', 'H8', 19, 0),
(1279, 'H', 'H9', 19, 0),
(1280, 'H', 'H10', 19, 0),
(1281, 'A', 'A1', 20, 0),
(1282, 'A', 'A2', 20, 0),
(1283, 'A', 'A3', 20, 0),
(1284, 'A', 'A4', 20, 0),
(1285, 'A', 'A5', 20, 0),
(1286, 'A', 'A6', 20, 0),
(1287, 'A', 'A7', 20, 0),
(1288, 'A', 'A8', 20, 0),
(1289, 'A', 'A9', 20, 0),
(1290, 'A', 'A10', 20, 0),
(1291, 'B', 'B1', 20, 0),
(1292, 'B', 'B2', 20, 0),
(1293, 'B', 'B3', 20, 0),
(1294, 'B', 'B4', 20, 0),
(1295, 'B', 'B5', 20, 0),
(1296, 'B', 'B6', 20, 0),
(1297, 'B', 'B7', 20, 0),
(1298, 'B', 'B8', 20, 0),
(1299, 'B', 'B9', 20, 0),
(1300, 'B', 'B10', 20, 0),
(1301, 'C', 'C1', 20, 0),
(1302, 'C', 'C2', 20, 0),
(1303, 'C', 'C3', 20, 0),
(1304, 'C', 'C4', 20, 0),
(1305, 'C', 'C5', 20, 0),
(1306, 'C', 'C6', 20, 0),
(1307, 'C', 'C7', 20, 0),
(1308, 'C', 'C8', 20, 0),
(1309, 'C', 'C9', 20, 0),
(1310, 'C', 'C10', 20, 0),
(1311, 'D', 'D1', 20, 0),
(1312, 'D', 'D2', 20, 0),
(1313, 'D', 'D3', 20, 0),
(1314, 'D', 'D4', 20, 0),
(1315, 'D', 'D5', 20, 0),
(1316, 'D', 'D6', 20, 0),
(1317, 'D', 'D7', 20, 0),
(1318, 'D', 'D8', 20, 0),
(1319, 'D', 'D9', 20, 0),
(1320, 'D', 'D10', 20, 0),
(1321, 'E', 'E1', 20, 0),
(1322, 'E', 'E2', 20, 0),
(1323, 'E', 'E3', 20, 0),
(1324, 'E', 'E4', 20, 0),
(1325, 'E', 'E5', 20, 0),
(1326, 'E', 'E6', 20, 0),
(1327, 'E', 'E7', 20, 0),
(1328, 'E', 'E8', 20, 0),
(1329, 'E', 'E9', 20, 0),
(1330, 'E', 'E10', 20, 0),
(1331, 'F', 'F1', 20, 0),
(1332, 'F', 'F2', 20, 0),
(1333, 'F', 'F3', 20, 0),
(1334, 'F', 'F4', 20, 0),
(1335, 'F', 'F5', 20, 0),
(1336, 'F', 'F6', 20, 0),
(1337, 'F', 'F7', 20, 0),
(1338, 'F', 'F8', 20, 0),
(1339, 'F', 'F9', 20, 0),
(1340, 'F', 'F10', 20, 0),
(1341, 'G', 'G1', 20, 0),
(1342, 'G', 'G2', 20, 0),
(1343, 'G', 'G3', 20, 0),
(1344, 'G', 'G4', 20, 0),
(1345, 'G', 'G5', 20, 0),
(1346, 'G', 'G6', 20, 0),
(1347, 'G', 'G7', 20, 0),
(1348, 'G', 'G8', 20, 0),
(1349, 'G', 'G9', 20, 0),
(1350, 'G', 'G10', 20, 0),
(1351, 'H', 'H1', 20, 0),
(1352, 'H', 'H2', 20, 0),
(1353, 'H', 'H3', 20, 0),
(1354, 'H', 'H4', 20, 0),
(1355, 'H', 'H5', 20, 0),
(1356, 'H', 'H6', 20, 0),
(1357, 'H', 'H7', 20, 0),
(1358, 'H', 'H8', 20, 0),
(1359, 'H', 'H9', 20, 0),
(1360, 'H', 'H10', 20, 0),
(1361, 'A', 'A1', 21, 0),
(1362, 'A', 'A2', 21, 0),
(1363, 'A', 'A3', 21, 0),
(1364, 'A', 'A4', 21, 1),
(1365, 'A', 'A5', 21, 0),
(1366, 'A', 'A6', 21, 0),
(1367, 'A', 'A7', 21, 0),
(1368, 'A', 'A8', 21, 1),
(1369, 'A', 'A9', 21, 0),
(1370, 'A', 'A10', 21, 0),
(1371, 'B', 'B1', 21, 0),
(1372, 'B', 'B2', 21, 0),
(1373, 'B', 'B3', 21, 0),
(1374, 'B', 'B4', 21, 0),
(1375, 'B', 'B5', 21, 0),
(1376, 'B', 'B6', 21, 0),
(1377, 'B', 'B7', 21, 0),
(1378, 'B', 'B8', 21, 0),
(1379, 'B', 'B9', 21, 0),
(1380, 'B', 'B10', 21, 0),
(1381, 'C', 'C1', 21, 0),
(1382, 'C', 'C2', 21, 0),
(1383, 'C', 'C3', 21, 0),
(1384, 'C', 'C4', 21, 0),
(1385, 'C', 'C5', 21, 0),
(1386, 'C', 'C6', 21, 0),
(1387, 'C', 'C7', 21, 0),
(1388, 'C', 'C8', 21, 0),
(1389, 'C', 'C9', 21, 0),
(1390, 'C', 'C10', 21, 0),
(1391, 'D', 'D1', 21, 0),
(1392, 'D', 'D2', 21, 0),
(1393, 'D', 'D3', 21, 0),
(1394, 'D', 'D4', 21, 0),
(1395, 'D', 'D5', 21, 0),
(1396, 'D', 'D6', 21, 0),
(1397, 'D', 'D7', 21, 1),
(1398, 'D', 'D8', 21, 0),
(1399, 'D', 'D9', 21, 0),
(1400, 'D', 'D10', 21, 0),
(1401, 'E', 'E1', 21, 0),
(1402, 'E', 'E2', 21, 0),
(1403, 'E', 'E3', 21, 0),
(1404, 'E', 'E4', 21, 0),
(1405, 'E', 'E5', 21, 0),
(1406, 'E', 'E6', 21, 0),
(1407, 'E', 'E7', 21, 0),
(1408, 'E', 'E8', 21, 0),
(1409, 'E', 'E9', 21, 0),
(1410, 'E', 'E10', 21, 0),
(1411, 'F', 'F1', 21, 0),
(1412, 'F', 'F2', 21, 0),
(1413, 'F', 'F3', 21, 0),
(1414, 'F', 'F4', 21, 0),
(1415, 'F', 'F5', 21, 0),
(1416, 'F', 'F6', 21, 0),
(1417, 'F', 'F7', 21, 0),
(1418, 'F', 'F8', 21, 0),
(1419, 'F', 'F9', 21, 0),
(1420, 'F', 'F10', 21, 0),
(1421, 'G', 'G1', 21, 0),
(1422, 'G', 'G2', 21, 0),
(1423, 'G', 'G3', 21, 0),
(1424, 'G', 'G4', 21, 0),
(1425, 'G', 'G5', 21, 0),
(1426, 'G', 'G6', 21, 0),
(1427, 'G', 'G7', 21, 0),
(1428, 'G', 'G8', 21, 0),
(1429, 'G', 'G9', 21, 0),
(1430, 'G', 'G10', 21, 0),
(1431, 'H', 'H1', 21, 0),
(1432, 'H', 'H2', 21, 0),
(1433, 'H', 'H3', 21, 0),
(1434, 'H', 'H4', 21, 0),
(1435, 'H', 'H5', 21, 0),
(1436, 'H', 'H6', 21, 0),
(1437, 'H', 'H7', 21, 0),
(1438, 'H', 'H8', 21, 0),
(1439, 'H', 'H9', 21, 0),
(1440, 'H', 'H10', 21, 0),
(1441, 'A', 'A1', 22, 0),
(1442, 'A', 'A2', 22, 0),
(1443, 'A', 'A3', 22, 0),
(1444, 'A', 'A4', 22, 0),
(1445, 'A', 'A5', 22, 0),
(1446, 'A', 'A6', 22, 0),
(1447, 'A', 'A7', 22, 0),
(1448, 'A', 'A8', 22, 0),
(1449, 'A', 'A9', 22, 0),
(1450, 'A', 'A10', 22, 0),
(1451, 'B', 'B1', 22, 0),
(1452, 'B', 'B2', 22, 0),
(1453, 'B', 'B3', 22, 0),
(1454, 'B', 'B4', 22, 0),
(1455, 'B', 'B5', 22, 0),
(1456, 'B', 'B6', 22, 0),
(1457, 'B', 'B7', 22, 0),
(1458, 'B', 'B8', 22, 0),
(1459, 'B', 'B9', 22, 0),
(1460, 'B', 'B10', 22, 0),
(1461, 'C', 'C1', 22, 0),
(1462, 'C', 'C2', 22, 0),
(1463, 'C', 'C3', 22, 0),
(1464, 'C', 'C4', 22, 0),
(1465, 'C', 'C5', 22, 0),
(1466, 'C', 'C6', 22, 0),
(1467, 'C', 'C7', 22, 0),
(1468, 'C', 'C8', 22, 0),
(1469, 'C', 'C9', 22, 0),
(1470, 'C', 'C10', 22, 0),
(1471, 'D', 'D1', 22, 0),
(1472, 'D', 'D2', 22, 0),
(1473, 'D', 'D3', 22, 0),
(1474, 'D', 'D4', 22, 0),
(1475, 'D', 'D5', 22, 0),
(1476, 'D', 'D6', 22, 0),
(1477, 'D', 'D7', 22, 0),
(1478, 'D', 'D8', 22, 0),
(1479, 'D', 'D9', 22, 0),
(1480, 'D', 'D10', 22, 0),
(1481, 'E', 'E1', 22, 0),
(1482, 'E', 'E2', 22, 0),
(1483, 'E', 'E3', 22, 0),
(1484, 'E', 'E4', 22, 0),
(1485, 'E', 'E5', 22, 0),
(1486, 'E', 'E6', 22, 0),
(1487, 'E', 'E7', 22, 0),
(1488, 'E', 'E8', 22, 0),
(1489, 'E', 'E9', 22, 0),
(1490, 'E', 'E10', 22, 0),
(1491, 'F', 'F1', 22, 0),
(1492, 'F', 'F2', 22, 0),
(1493, 'F', 'F3', 22, 0),
(1494, 'F', 'F4', 22, 0),
(1495, 'F', 'F5', 22, 0),
(1496, 'F', 'F6', 22, 0),
(1497, 'F', 'F7', 22, 0),
(1498, 'F', 'F8', 22, 0),
(1499, 'F', 'F9', 22, 0),
(1500, 'F', 'F10', 22, 0),
(1501, 'G', 'G1', 22, 0),
(1502, 'G', 'G2', 22, 0),
(1503, 'G', 'G3', 22, 0),
(1504, 'G', 'G4', 22, 0),
(1505, 'G', 'G5', 22, 0),
(1506, 'G', 'G6', 22, 0),
(1507, 'G', 'G7', 22, 0),
(1508, 'G', 'G8', 22, 0),
(1509, 'G', 'G9', 22, 0),
(1510, 'G', 'G10', 22, 0),
(1511, 'H', 'H1', 22, 0),
(1512, 'H', 'H2', 22, 0),
(1513, 'H', 'H3', 22, 0),
(1514, 'H', 'H4', 22, 0),
(1515, 'H', 'H5', 22, 0),
(1516, 'H', 'H6', 22, 0),
(1517, 'H', 'H7', 22, 0),
(1518, 'H', 'H8', 22, 0),
(1519, 'H', 'H9', 22, 0),
(1520, 'H', 'H10', 22, 0),
(1521, 'A', 'A1', 23, 0),
(1522, 'A', 'A2', 23, 0),
(1523, 'A', 'A3', 23, 0),
(1524, 'A', 'A4', 23, 0),
(1525, 'A', 'A5', 23, 0),
(1526, 'A', 'A6', 23, 0),
(1527, 'A', 'A7', 23, 0),
(1528, 'A', 'A8', 23, 0),
(1529, 'A', 'A9', 23, 0),
(1530, 'A', 'A10', 23, 0),
(1531, 'B', 'B1', 23, 0),
(1532, 'B', 'B2', 23, 0),
(1533, 'B', 'B3', 23, 0),
(1534, 'B', 'B4', 23, 0),
(1535, 'B', 'B5', 23, 0),
(1536, 'B', 'B6', 23, 0),
(1537, 'B', 'B7', 23, 0),
(1538, 'B', 'B8', 23, 0),
(1539, 'B', 'B9', 23, 0),
(1540, 'B', 'B10', 23, 0),
(1541, 'C', 'C1', 23, 0),
(1542, 'C', 'C2', 23, 0),
(1543, 'C', 'C3', 23, 0),
(1544, 'C', 'C4', 23, 0),
(1545, 'C', 'C5', 23, 0),
(1546, 'C', 'C6', 23, 0),
(1547, 'C', 'C7', 23, 0),
(1548, 'C', 'C8', 23, 0),
(1549, 'C', 'C9', 23, 0),
(1550, 'C', 'C10', 23, 0),
(1551, 'D', 'D1', 23, 0),
(1552, 'D', 'D2', 23, 0),
(1553, 'D', 'D3', 23, 0),
(1554, 'D', 'D4', 23, 0),
(1555, 'D', 'D5', 23, 0),
(1556, 'D', 'D6', 23, 0),
(1557, 'D', 'D7', 23, 0),
(1558, 'D', 'D8', 23, 0),
(1559, 'D', 'D9', 23, 0),
(1560, 'D', 'D10', 23, 0),
(1561, 'E', 'E1', 23, 0),
(1562, 'E', 'E2', 23, 0),
(1563, 'E', 'E3', 23, 0),
(1564, 'E', 'E4', 23, 0),
(1565, 'E', 'E5', 23, 0),
(1566, 'E', 'E6', 23, 0),
(1567, 'E', 'E7', 23, 0),
(1568, 'E', 'E8', 23, 0),
(1569, 'E', 'E9', 23, 0),
(1570, 'E', 'E10', 23, 0),
(1571, 'F', 'F1', 23, 0),
(1572, 'F', 'F2', 23, 0),
(1573, 'F', 'F3', 23, 0),
(1574, 'F', 'F4', 23, 0),
(1575, 'F', 'F5', 23, 0),
(1576, 'F', 'F6', 23, 0),
(1577, 'F', 'F7', 23, 0),
(1578, 'F', 'F8', 23, 0),
(1579, 'F', 'F9', 23, 0),
(1580, 'F', 'F10', 23, 0),
(1581, 'G', 'G1', 23, 0),
(1582, 'G', 'G2', 23, 0),
(1583, 'G', 'G3', 23, 0),
(1584, 'G', 'G4', 23, 0),
(1585, 'G', 'G5', 23, 0),
(1586, 'G', 'G6', 23, 0),
(1587, 'G', 'G7', 23, 0),
(1588, 'G', 'G8', 23, 0),
(1589, 'G', 'G9', 23, 0),
(1590, 'G', 'G10', 23, 0),
(1591, 'H', 'H1', 23, 0),
(1592, 'H', 'H2', 23, 0),
(1593, 'H', 'H3', 23, 0),
(1594, 'H', 'H4', 23, 0),
(1595, 'H', 'H5', 23, 0),
(1596, 'H', 'H6', 23, 0),
(1597, 'H', 'H7', 23, 0),
(1598, 'H', 'H8', 23, 0),
(1599, 'H', 'H9', 23, 0),
(1600, 'H', 'H10', 23, 0),
(1601, 'A', 'A1', 24, 0),
(1602, 'A', 'A2', 24, 0),
(1603, 'A', 'A3', 24, 0),
(1604, 'A', 'A4', 24, 0),
(1605, 'A', 'A5', 24, 0),
(1606, 'A', 'A6', 24, 0),
(1607, 'A', 'A7', 24, 0),
(1608, 'A', 'A8', 24, 0),
(1609, 'A', 'A9', 24, 0),
(1610, 'A', 'A10', 24, 0),
(1611, 'B', 'B1', 24, 0),
(1612, 'B', 'B2', 24, 0),
(1613, 'B', 'B3', 24, 0),
(1614, 'B', 'B4', 24, 0),
(1615, 'B', 'B5', 24, 0),
(1616, 'B', 'B6', 24, 0),
(1617, 'B', 'B7', 24, 0),
(1618, 'B', 'B8', 24, 0),
(1619, 'B', 'B9', 24, 0),
(1620, 'B', 'B10', 24, 0),
(1621, 'C', 'C1', 24, 0),
(1622, 'C', 'C2', 24, 0),
(1623, 'C', 'C3', 24, 0),
(1624, 'C', 'C4', 24, 0),
(1625, 'C', 'C5', 24, 0),
(1626, 'C', 'C6', 24, 0),
(1627, 'C', 'C7', 24, 0),
(1628, 'C', 'C8', 24, 0),
(1629, 'C', 'C9', 24, 0),
(1630, 'C', 'C10', 24, 0),
(1631, 'D', 'D1', 24, 0),
(1632, 'D', 'D2', 24, 0),
(1633, 'D', 'D3', 24, 0),
(1634, 'D', 'D4', 24, 0),
(1635, 'D', 'D5', 24, 0),
(1636, 'D', 'D6', 24, 0),
(1637, 'D', 'D7', 24, 0),
(1638, 'D', 'D8', 24, 0),
(1639, 'D', 'D9', 24, 0),
(1640, 'D', 'D10', 24, 0),
(1641, 'E', 'E1', 24, 0),
(1642, 'E', 'E2', 24, 0),
(1643, 'E', 'E3', 24, 0),
(1644, 'E', 'E4', 24, 0),
(1645, 'E', 'E5', 24, 0),
(1646, 'E', 'E6', 24, 0),
(1647, 'E', 'E7', 24, 0),
(1648, 'E', 'E8', 24, 0),
(1649, 'E', 'E9', 24, 0),
(1650, 'E', 'E10', 24, 0),
(1651, 'F', 'F1', 24, 0),
(1652, 'F', 'F2', 24, 0),
(1653, 'F', 'F3', 24, 0),
(1654, 'F', 'F4', 24, 0),
(1655, 'F', 'F5', 24, 0),
(1656, 'F', 'F6', 24, 0),
(1657, 'F', 'F7', 24, 0),
(1658, 'F', 'F8', 24, 0),
(1659, 'F', 'F9', 24, 0),
(1660, 'F', 'F10', 24, 0),
(1661, 'G', 'G1', 24, 0),
(1662, 'G', 'G2', 24, 0),
(1663, 'G', 'G3', 24, 0),
(1664, 'G', 'G4', 24, 0),
(1665, 'G', 'G5', 24, 0),
(1666, 'G', 'G6', 24, 0),
(1667, 'G', 'G7', 24, 0),
(1668, 'G', 'G8', 24, 0),
(1669, 'G', 'G9', 24, 0),
(1670, 'G', 'G10', 24, 0),
(1671, 'H', 'H1', 24, 0),
(1672, 'H', 'H2', 24, 0),
(1673, 'H', 'H3', 24, 0),
(1674, 'H', 'H4', 24, 0),
(1675, 'H', 'H5', 24, 0),
(1676, 'H', 'H6', 24, 0),
(1677, 'H', 'H7', 24, 0),
(1678, 'H', 'H8', 24, 0),
(1679, 'H', 'H9', 24, 0),
(1680, 'H', 'H10', 24, 0),
(2001, 'A', 'A1', 25, 0),
(2002, 'A', 'A2', 25, 0),
(2003, 'A', 'A3', 25, 0),
(2004, 'A', 'A4', 25, 0),
(2005, 'A', 'A5', 25, 0),
(2006, 'A', 'A6', 25, 0),
(2007, 'A', 'A7', 25, 0),
(2008, 'A', 'A8', 25, 0),
(2009, 'A', 'A9', 25, 0),
(2010, 'A', 'A10', 25, 0),
(2011, 'B', 'B1', 25, 0),
(2012, 'B', 'B2', 25, 0),
(2013, 'B', 'B3', 25, 0),
(2014, 'B', 'B4', 25, 0),
(2015, 'B', 'B5', 25, 0),
(2016, 'B', 'B6', 25, 0),
(2017, 'B', 'B7', 25, 0),
(2018, 'B', 'B8', 25, 0),
(2019, 'B', 'B9', 25, 0),
(2020, 'B', 'B10', 25, 0),
(2021, 'C', 'C1', 25, 0),
(2022, 'C', 'C2', 25, 0),
(2023, 'C', 'C3', 25, 0),
(2024, 'C', 'C4', 25, 0),
(2025, 'C', 'C5', 25, 0),
(2026, 'C', 'C6', 25, 0),
(2027, 'C', 'C7', 25, 0),
(2028, 'C', 'C8', 25, 0),
(2029, 'C', 'C9', 25, 0),
(2030, 'C', 'C10', 25, 0),
(2031, 'D', 'D1', 25, 0),
(2032, 'D', 'D2', 25, 0),
(2033, 'D', 'D3', 25, 0),
(2034, 'D', 'D4', 25, 0),
(2035, 'D', 'D5', 25, 0),
(2036, 'D', 'D6', 25, 0),
(2037, 'D', 'D7', 25, 0),
(2038, 'D', 'D8', 25, 0),
(2039, 'D', 'D9', 25, 0),
(2040, 'D', 'D10', 25, 0),
(2041, 'E', 'E1', 25, 0),
(2042, 'E', 'E2', 25, 0),
(2043, 'E', 'E3', 25, 0),
(2044, 'E', 'E4', 25, 0),
(2045, 'E', 'E5', 25, 0),
(2046, 'E', 'E6', 25, 0),
(2047, 'E', 'E7', 25, 0),
(2048, 'E', 'E8', 25, 0),
(2049, 'E', 'E9', 25, 0),
(2050, 'E', 'E10', 25, 0),
(2051, 'F', 'F1', 25, 0),
(2052, 'F', 'F2', 25, 0),
(2053, 'F', 'F3', 25, 0),
(2054, 'F', 'F4', 25, 0),
(2055, 'F', 'F5', 25, 0),
(2056, 'F', 'F6', 25, 0),
(2057, 'F', 'F7', 25, 0),
(2058, 'F', 'F8', 25, 0),
(2059, 'F', 'F9', 25, 0),
(2060, 'F', 'F10', 25, 0),
(2061, 'G', 'G1', 25, 0),
(2062, 'G', 'G2', 25, 0),
(2063, 'G', 'G3', 25, 0),
(2064, 'G', 'G4', 25, 0),
(2065, 'G', 'G5', 25, 0),
(2066, 'G', 'G6', 25, 0),
(2067, 'G', 'G7', 25, 0),
(2068, 'G', 'G8', 25, 0),
(2069, 'G', 'G9', 25, 0),
(2070, 'G', 'G10', 25, 0),
(2071, 'H', 'H1', 25, 0),
(2072, 'H', 'H2', 25, 0),
(2073, 'H', 'H3', 25, 0),
(2074, 'H', 'H4', 25, 0),
(2075, 'H', 'H5', 25, 0),
(2076, 'H', 'H6', 25, 0),
(2077, 'H', 'H7', 25, 0),
(2078, 'H', 'H8', 25, 0),
(2079, 'H', 'H9', 25, 0),
(2080, 'H', 'H10', 25, 0),
(2081, 'A', 'A1', 26, 0),
(2082, 'A', 'A2', 26, 0),
(2083, 'A', 'A3', 26, 0),
(2084, 'A', 'A4', 26, 0),
(2085, 'A', 'A5', 26, 0),
(2086, 'A', 'A6', 26, 0),
(2087, 'A', 'A7', 26, 0),
(2088, 'A', 'A8', 26, 0),
(2089, 'A', 'A9', 26, 0),
(2090, 'A', 'A10', 26, 0),
(2091, 'B', 'B1', 26, 0),
(2092, 'B', 'B2', 26, 0),
(2093, 'B', 'B3', 26, 0),
(2094, 'B', 'B4', 26, 0),
(2095, 'B', 'B5', 26, 0),
(2096, 'B', 'B6', 26, 0),
(2097, 'B', 'B7', 26, 0),
(2098, 'B', 'B8', 26, 0),
(2099, 'B', 'B9', 26, 0),
(2100, 'B', 'B10', 26, 0),
(2101, 'C', 'C1', 26, 0),
(2102, 'C', 'C2', 26, 0),
(2103, 'C', 'C3', 26, 0),
(2104, 'C', 'C4', 26, 0),
(2105, 'C', 'C5', 26, 0),
(2106, 'C', 'C6', 26, 0),
(2107, 'C', 'C7', 26, 0),
(2108, 'C', 'C8', 26, 0),
(2109, 'C', 'C9', 26, 0),
(2110, 'C', 'C10', 26, 0),
(2111, 'D', 'D1', 26, 0),
(2112, 'D', 'D2', 26, 0),
(2113, 'D', 'D3', 26, 0),
(2114, 'D', 'D4', 26, 0),
(2115, 'D', 'D5', 26, 0),
(2116, 'D', 'D6', 26, 0),
(2117, 'D', 'D7', 26, 0),
(2118, 'D', 'D8', 26, 0),
(2119, 'D', 'D9', 26, 0),
(2120, 'D', 'D10', 26, 0),
(2121, 'E', 'E1', 26, 0),
(2122, 'E', 'E2', 26, 0),
(2123, 'E', 'E3', 26, 0),
(2124, 'E', 'E4', 26, 0),
(2125, 'E', 'E5', 26, 0),
(2126, 'E', 'E6', 26, 0),
(2127, 'E', 'E7', 26, 0),
(2128, 'E', 'E8', 26, 0),
(2129, 'E', 'E9', 26, 0),
(2130, 'E', 'E10', 26, 0),
(2131, 'F', 'F1', 26, 0),
(2132, 'F', 'F2', 26, 0),
(2133, 'F', 'F3', 26, 0),
(2134, 'F', 'F4', 26, 0),
(2135, 'F', 'F5', 26, 0),
(2136, 'F', 'F6', 26, 0),
(2137, 'F', 'F7', 26, 0),
(2138, 'F', 'F8', 26, 0),
(2139, 'F', 'F9', 26, 0),
(2140, 'F', 'F10', 26, 0),
(2141, 'G', 'G1', 26, 0),
(2142, 'G', 'G2', 26, 0),
(2143, 'G', 'G3', 26, 0),
(2144, 'G', 'G4', 26, 0),
(2145, 'G', 'G5', 26, 0),
(2146, 'G', 'G6', 26, 0),
(2147, 'G', 'G7', 26, 0),
(2148, 'G', 'G8', 26, 0),
(2149, 'G', 'G9', 26, 0),
(2150, 'G', 'G10', 26, 0),
(2151, 'H', 'H1', 26, 0),
(2152, 'H', 'H2', 26, 0),
(2153, 'H', 'H3', 26, 0),
(2154, 'H', 'H4', 26, 0),
(2155, 'H', 'H5', 26, 0),
(2156, 'H', 'H6', 26, 0),
(2157, 'H', 'H7', 26, 0),
(2158, 'H', 'H8', 26, 0),
(2159, 'H', 'H9', 26, 0),
(2160, 'H', 'H10', 26, 0),
(2161, 'A', 'A1', 27, 0),
(2162, 'A', 'A2', 27, 0),
(2163, 'A', 'A3', 27, 0),
(2164, 'A', 'A4', 27, 0),
(2165, 'A', 'A5', 27, 0),
(2166, 'A', 'A6', 27, 0),
(2167, 'A', 'A7', 27, 0),
(2168, 'A', 'A8', 27, 0),
(2169, 'A', 'A9', 27, 0),
(2170, 'A', 'A10', 27, 0),
(2171, 'B', 'B1', 27, 0),
(2172, 'B', 'B2', 27, 0),
(2173, 'B', 'B3', 27, 0),
(2174, 'B', 'B4', 27, 0),
(2175, 'B', 'B5', 27, 0),
(2176, 'B', 'B6', 27, 0),
(2177, 'B', 'B7', 27, 0),
(2178, 'B', 'B8', 27, 0),
(2179, 'B', 'B9', 27, 0),
(2180, 'B', 'B10', 27, 0),
(2181, 'C', 'C1', 27, 0),
(2182, 'C', 'C2', 27, 0),
(2183, 'C', 'C3', 27, 0),
(2184, 'C', 'C4', 27, 0),
(2185, 'C', 'C5', 27, 0),
(2186, 'C', 'C6', 27, 0),
(2187, 'C', 'C7', 27, 0),
(2188, 'C', 'C8', 27, 0),
(2189, 'C', 'C9', 27, 0),
(2190, 'C', 'C10', 27, 0),
(2191, 'D', 'D1', 27, 0),
(2192, 'D', 'D2', 27, 0),
(2193, 'D', 'D3', 27, 0),
(2194, 'D', 'D4', 27, 0),
(2195, 'D', 'D5', 27, 0),
(2196, 'D', 'D6', 27, 0),
(2197, 'D', 'D7', 27, 0),
(2198, 'D', 'D8', 27, 0),
(2199, 'D', 'D9', 27, 0),
(2200, 'D', 'D10', 27, 0),
(2201, 'E', 'E1', 27, 0),
(2202, 'E', 'E2', 27, 0),
(2203, 'E', 'E3', 27, 0),
(2204, 'E', 'E4', 27, 0),
(2205, 'E', 'E5', 27, 0),
(2206, 'E', 'E6', 27, 0),
(2207, 'E', 'E7', 27, 0),
(2208, 'E', 'E8', 27, 0),
(2209, 'E', 'E9', 27, 0),
(2210, 'E', 'E10', 27, 0),
(2211, 'F', 'F1', 27, 0),
(2212, 'F', 'F2', 27, 0),
(2213, 'F', 'F3', 27, 0),
(2214, 'F', 'F4', 27, 0),
(2215, 'F', 'F5', 27, 0),
(2216, 'F', 'F6', 27, 0),
(2217, 'F', 'F7', 27, 0),
(2218, 'F', 'F8', 27, 0),
(2219, 'F', 'F9', 27, 0),
(2220, 'F', 'F10', 27, 0),
(2221, 'G', 'G1', 27, 0),
(2222, 'G', 'G2', 27, 0),
(2223, 'G', 'G3', 27, 0),
(2224, 'G', 'G4', 27, 0),
(2225, 'G', 'G5', 27, 0),
(2226, 'G', 'G6', 27, 0),
(2227, 'G', 'G7', 27, 0),
(2228, 'G', 'G8', 27, 0),
(2229, 'G', 'G9', 27, 0),
(2230, 'G', 'G10', 27, 0),
(2231, 'H', 'H1', 27, 0),
(2232, 'H', 'H2', 27, 0),
(2233, 'H', 'H3', 27, 0),
(2234, 'H', 'H4', 27, 0),
(2235, 'H', 'H5', 27, 0),
(2236, 'H', 'H6', 27, 0),
(2237, 'H', 'H7', 27, 0),
(2238, 'H', 'H8', 27, 0),
(2239, 'H', 'H9', 27, 0),
(2240, 'H', 'H10', 27, 0),
(2242, 'A', 'A1', 29, 0),
(2243, 'A', 'A2', 29, 0),
(2244, 'A', 'A3', 29, 0),
(2245, 'A', 'A4', 29, 0),
(2246, 'A', 'A5', 29, 1),
(2247, 'A', 'A6', 29, 1),
(2248, 'A', 'A7', 29, 0),
(2249, 'A', 'A8', 29, 0),
(2250, 'A', 'A9', 29, 0),
(2251, 'A', 'A10', 29, 0),
(2252, 'B', 'B1', 29, 0),
(2253, 'B', 'B2', 29, 0),
(2254, 'B', 'B3', 29, 0),
(2255, 'B', 'B4', 29, 0),
(2256, 'B', 'B5', 29, 0),
(2257, 'B', 'B6', 29, 0),
(2258, 'B', 'B7', 29, 0),
(2259, 'B', 'B8', 29, 0),
(2260, 'B', 'B9', 29, 0),
(2261, 'B', 'B10', 29, 0),
(2262, 'C', 'C1', 29, 1),
(2263, 'C', 'C2', 29, 1),
(2264, 'C', 'C3', 29, 1),
(2265, 'C', 'C4', 29, 1),
(2266, 'C', 'C5', 29, 1),
(2267, 'C', 'C6', 29, 1),
(2268, 'C', 'C7', 29, 1),
(2269, 'C', 'C8', 29, 1),
(2270, 'C', 'C9', 29, 1),
(2271, 'C', 'C10', 29, 1),
(2272, 'D', 'D1', 29, 0),
(2273, 'D', 'D2', 29, 0),
(2274, 'D', 'D3', 29, 0),
(2275, 'D', 'D4', 29, 0),
(2276, 'D', 'D5', 29, 0),
(2277, 'D', 'D6', 29, 0),
(2278, 'D', 'D7', 29, 0),
(2279, 'D', 'D8', 29, 0),
(2280, 'D', 'D9', 29, 0),
(2281, 'D', 'D10', 29, 0),
(2282, 'E', 'E1', 29, 0),
(2283, 'E', 'E2', 29, 0),
(2284, 'E', 'E3', 29, 0),
(2285, 'E', 'E4', 29, 1),
(2286, 'E', 'E5', 29, 1),
(2287, 'E', 'E6', 29, 0),
(2288, 'E', 'E7', 29, 0),
(2289, 'E', 'E8', 29, 0),
(2290, 'E', 'E9', 29, 0),
(2291, 'E', 'E10', 29, 0),
(2292, 'F', 'F1', 29, 0),
(2293, 'F', 'F2', 29, 0),
(2294, 'F', 'F3', 29, 0),
(2295, 'F', 'F4', 29, 0),
(2296, 'F', 'F5', 29, 0),
(2297, 'F', 'F6', 29, 0),
(2298, 'F', 'F7', 29, 0),
(2299, 'F', 'F8', 29, 0),
(2300, 'F', 'F9', 29, 0),
(2301, 'F', 'F10', 29, 0),
(2302, 'G', 'G1', 29, 0),
(2303, 'G', 'G2', 29, 0),
(2304, 'G', 'G3', 29, 0),
(2305, 'G', 'G4', 29, 0),
(2306, 'G', 'G5', 29, 0),
(2307, 'G', 'G6', 29, 0),
(2308, 'G', 'G7', 29, 0),
(2309, 'G', 'G8', 29, 0),
(2310, 'G', 'G9', 29, 0),
(2311, 'G', 'G10', 29, 0),
(2312, 'H', 'H1', 29, 0),
(2313, 'H', 'H2', 29, 0),
(2314, 'H', 'H3', 29, 0),
(2315, 'H', 'H4', 29, 0),
(2316, 'H', 'H5', 29, 0),
(2317, 'H', 'H6', 29, 0),
(2318, 'H', 'H7', 29, 0),
(2319, 'H', 'H8', 29, 0),
(2320, 'H', 'H9', 29, 0),
(2321, 'H', 'H10', 29, 0),
(2322, 'A', 'A1', 30, 0),
(2323, 'A', 'A2', 30, 0),
(2324, 'A', 'A3', 30, 1),
(2325, 'A', 'A4', 30, 0),
(2326, 'A', 'A5', 30, 1),
(2327, 'A', 'A6', 30, 1),
(2328, 'A', 'A7', 30, 0),
(2329, 'A', 'A8', 30, 0),
(2330, 'A', 'A9', 30, 0),
(2331, 'A', 'A10', 30, 0),
(2332, 'B', 'B1', 30, 0),
(2333, 'B', 'B2', 30, 0),
(2334, 'B', 'B3', 30, 0),
(2335, 'B', 'B4', 30, 0),
(2336, 'B', 'B5', 30, 0),
(2337, 'B', 'B6', 30, 0),
(2338, 'B', 'B7', 30, 0),
(2339, 'B', 'B8', 30, 0),
(2340, 'B', 'B9', 30, 0),
(2341, 'B', 'B10', 30, 0),
(2342, 'C', 'C1', 30, 0),
(2343, 'C', 'C2', 30, 0),
(2344, 'C', 'C3', 30, 0),
(2345, 'C', 'C4', 30, 0),
(2346, 'C', 'C5', 30, 0),
(2347, 'C', 'C6', 30, 0),
(2348, 'C', 'C7', 30, 0),
(2349, 'C', 'C8', 30, 0),
(2350, 'C', 'C9', 30, 0),
(2351, 'C', 'C10', 30, 0),
(2352, 'D', 'D1', 30, 0),
(2353, 'D', 'D2', 30, 0),
(2354, 'D', 'D3', 30, 0),
(2355, 'D', 'D4', 30, 0),
(2356, 'D', 'D5', 30, 0),
(2357, 'D', 'D6', 30, 0),
(2358, 'D', 'D7', 30, 0),
(2359, 'D', 'D8', 30, 0),
(2360, 'D', 'D9', 30, 0),
(2361, 'D', 'D10', 30, 0),
(2362, 'E', 'E1', 30, 0),
(2363, 'E', 'E2', 30, 0),
(2364, 'E', 'E3', 30, 0),
(2365, 'E', 'E4', 30, 0),
(2366, 'E', 'E5', 30, 0),
(2367, 'E', 'E6', 30, 0),
(2368, 'E', 'E7', 30, 0),
(2369, 'E', 'E8', 30, 0),
(2370, 'E', 'E9', 30, 0),
(2371, 'E', 'E10', 30, 0),
(2372, 'F', 'F1', 30, 0),
(2373, 'F', 'F2', 30, 0),
(2374, 'F', 'F3', 30, 0),
(2375, 'F', 'F4', 30, 0),
(2376, 'F', 'F5', 30, 0),
(2377, 'F', 'F6', 30, 0),
(2378, 'F', 'F7', 30, 0),
(2379, 'F', 'F8', 30, 0),
(2380, 'F', 'F9', 30, 0),
(2381, 'F', 'F10', 30, 0),
(2382, 'G', 'G1', 30, 0),
(2383, 'G', 'G2', 30, 0),
(2384, 'G', 'G3', 30, 0),
(2385, 'G', 'G4', 30, 0),
(2386, 'G', 'G5', 30, 0),
(2387, 'G', 'G6', 30, 0),
(2388, 'G', 'G7', 30, 0),
(2389, 'G', 'G8', 30, 0),
(2390, 'G', 'G9', 30, 0),
(2391, 'G', 'G10', 30, 0),
(2392, 'H', 'H1', 30, 0),
(2393, 'H', 'H2', 30, 0),
(2394, 'H', 'H3', 30, 0),
(2395, 'H', 'H4', 30, 0),
(2396, 'H', 'H5', 30, 0),
(2397, 'H', 'H6', 30, 0),
(2398, 'H', 'H7', 30, 0),
(2399, 'H', 'H8', 30, 0),
(2400, 'H', 'H9', 30, 0),
(2401, 'H', 'H10', 30, 0),
(2402, 'A', 'A1', 31, 0),
(2403, 'A', 'A2', 31, 0),
(2404, 'A', 'A3', 31, 0),
(2405, 'A', 'A4', 31, 0),
(2406, 'A', 'A5', 31, 0),
(2407, 'A', 'A6', 31, 0),
(2408, 'A', 'A7', 31, 0),
(2409, 'A', 'A8', 31, 0),
(2410, 'A', 'A9', 31, 0),
(2411, 'A', 'A10', 31, 0),
(2412, 'B', 'B1', 31, 0),
(2413, 'B', 'B2', 31, 0),
(2414, 'B', 'B3', 31, 0),
(2415, 'B', 'B4', 31, 0),
(2416, 'B', 'B5', 31, 0),
(2417, 'B', 'B6', 31, 0),
(2418, 'B', 'B7', 31, 0),
(2419, 'B', 'B8', 31, 0),
(2420, 'B', 'B9', 31, 0),
(2421, 'B', 'B10', 31, 0),
(2422, 'C', 'C1', 31, 0),
(2423, 'C', 'C2', 31, 0),
(2424, 'C', 'C3', 31, 0),
(2425, 'C', 'C4', 31, 0),
(2426, 'C', 'C5', 31, 0),
(2427, 'C', 'C6', 31, 0),
(2428, 'C', 'C7', 31, 0),
(2429, 'C', 'C8', 31, 0),
(2430, 'C', 'C9', 31, 0),
(2431, 'C', 'C10', 31, 0),
(2432, 'D', 'D1', 31, 1),
(2433, 'D', 'D2', 31, 0),
(2434, 'D', 'D3', 31, 0),
(2435, 'D', 'D4', 31, 0),
(2436, 'D', 'D5', 31, 0),
(2437, 'D', 'D6', 31, 0),
(2438, 'D', 'D7', 31, 0),
(2439, 'D', 'D8', 31, 1),
(2440, 'D', 'D9', 31, 0),
(2441, 'D', 'D10', 31, 1),
(2442, 'E', 'E1', 31, 0),
(2443, 'E', 'E2', 31, 0),
(2444, 'E', 'E3', 31, 0),
(2445, 'E', 'E4', 31, 0),
(2446, 'E', 'E5', 31, 0),
(2447, 'E', 'E6', 31, 0),
(2448, 'E', 'E7', 31, 0),
(2449, 'E', 'E8', 31, 0),
(2450, 'E', 'E9', 31, 0),
(2451, 'E', 'E10', 31, 0),
(2452, 'F', 'F1', 31, 0),
(2453, 'F', 'F2', 31, 0),
(2454, 'F', 'F3', 31, 0),
(2455, 'F', 'F4', 31, 0),
(2456, 'F', 'F5', 31, 0),
(2457, 'F', 'F6', 31, 0);
INSERT INTO `seat` (`seat_id`, `seat_row`, `seat_name`, `seat_room`, `seat_status`) VALUES
(2458, 'F', 'F7', 31, 0),
(2459, 'F', 'F8', 31, 0),
(2460, 'F', 'F9', 31, 0),
(2461, 'F', 'F10', 31, 0),
(2462, 'G', 'G1', 31, 0),
(2463, 'G', 'G2', 31, 0),
(2464, 'G', 'G3', 31, 0),
(2465, 'G', 'G4', 31, 0),
(2466, 'G', 'G5', 31, 0),
(2467, 'G', 'G6', 31, 0),
(2468, 'G', 'G7', 31, 0),
(2469, 'G', 'G8', 31, 0),
(2470, 'G', 'G9', 31, 0),
(2471, 'G', 'G10', 31, 0),
(2472, 'H', 'H1', 31, 0),
(2473, 'H', 'H2', 31, 0),
(2474, 'H', 'H3', 31, 0),
(2475, 'H', 'H4', 31, 0),
(2476, 'H', 'H5', 31, 0),
(2477, 'H', 'H6', 31, 0),
(2478, 'H', 'H7', 31, 0),
(2479, 'H', 'H8', 31, 0),
(2480, 'H', 'H9', 31, 0),
(2481, 'H', 'H10', 31, 0),
(2482, 'A', 'A1', 32, 1),
(2483, 'A', 'A2', 32, 1),
(2484, 'A', 'A3', 32, 1),
(2485, 'A', 'A4', 32, 1),
(2486, 'A', 'A5', 32, 1),
(2487, 'A', 'A6', 32, 1),
(2488, 'A', 'A7', 32, 1),
(2489, 'A', 'A8', 32, 1),
(2490, 'A', 'A9', 32, 1),
(2491, 'A', 'A10', 32, 1),
(2492, 'B', 'B1', 32, 1),
(2493, 'B', 'B2', 32, 1),
(2494, 'B', 'B3', 32, 1),
(2495, 'B', 'B4', 32, 1),
(2496, 'B', 'B5', 32, 1),
(2497, 'B', 'B6', 32, 1),
(2498, 'B', 'B7', 32, 1),
(2499, 'B', 'B8', 32, 1),
(2500, 'B', 'B9', 32, 1),
(2501, 'B', 'B10', 32, 1),
(2502, 'C', 'C1', 32, 1),
(2503, 'C', 'C2', 32, 1),
(2504, 'C', 'C3', 32, 1),
(2505, 'C', 'C4', 32, 1),
(2506, 'C', 'C5', 32, 1),
(2507, 'C', 'C6', 32, 1),
(2508, 'C', 'C7', 32, 1),
(2509, 'C', 'C8', 32, 1),
(2510, 'C', 'C9', 32, 1),
(2511, 'C', 'C10', 32, 1),
(2512, 'D', 'D1', 32, 1),
(2513, 'D', 'D2', 32, 1),
(2514, 'D', 'D3', 32, 1),
(2515, 'D', 'D4', 32, 1),
(2516, 'D', 'D5', 32, 1),
(2517, 'D', 'D6', 32, 1),
(2518, 'D', 'D7', 32, 1),
(2519, 'D', 'D8', 32, 1),
(2520, 'D', 'D9', 32, 1),
(2521, 'D', 'D10', 32, 1),
(2522, 'E', 'E1', 32, 1),
(2523, 'E', 'E2', 32, 1),
(2524, 'E', 'E3', 32, 1),
(2525, 'E', 'E4', 32, 1),
(2526, 'E', 'E5', 32, 1),
(2527, 'E', 'E6', 32, 1),
(2528, 'E', 'E7', 32, 1),
(2529, 'E', 'E8', 32, 1),
(2530, 'E', 'E9', 32, 1),
(2531, 'E', 'E10', 32, 1),
(2532, 'F', 'F1', 32, 1),
(2533, 'F', 'F2', 32, 1),
(2534, 'F', 'F3', 32, 1),
(2535, 'F', 'F4', 32, 1),
(2536, 'F', 'F5', 32, 1),
(2537, 'F', 'F6', 32, 1),
(2538, 'F', 'F7', 32, 1),
(2539, 'F', 'F8', 32, 1),
(2540, 'F', 'F9', 32, 1),
(2541, 'F', 'F10', 32, 1),
(2542, 'G', 'G1', 32, 1),
(2543, 'G', 'G2', 32, 1),
(2544, 'G', 'G3', 32, 1),
(2545, 'G', 'G4', 32, 1),
(2546, 'G', 'G5', 32, 1),
(2547, 'G', 'G6', 32, 1),
(2548, 'G', 'G7', 32, 1),
(2549, 'G', 'G8', 32, 1),
(2550, 'G', 'G9', 32, 1),
(2551, 'G', 'G10', 32, 1),
(2552, 'H', 'H1', 32, 1),
(2553, 'H', 'H2', 32, 1),
(2554, 'H', 'H3', 32, 1),
(2555, 'H', 'H4', 32, 1),
(2556, 'H', 'H5', 32, 1),
(2557, 'H', 'H6', 32, 1),
(2558, 'H', 'H7', 32, 1),
(2559, 'H', 'H8', 32, 1),
(2560, 'H', 'H9', 32, 1),
(2561, 'H', 'H10', 32, 1),
(2562, 'A', 'A1', 33, 0),
(2563, 'A', 'A2', 33, 0),
(2564, 'A', 'A3', 33, 0),
(2565, 'A', 'A4', 33, 0),
(2566, 'A', 'A5', 33, 1),
(2567, 'A', 'A6', 33, 1),
(2568, 'A', 'A7', 33, 0),
(2569, 'A', 'A8', 33, 0),
(2570, 'A', 'A9', 33, 0),
(2571, 'A', 'A10', 33, 0),
(2572, 'B', 'B1', 33, 0),
(2573, 'B', 'B2', 33, 0),
(2574, 'B', 'B3', 33, 0),
(2575, 'B', 'B4', 33, 0),
(2576, 'B', 'B5', 33, 0),
(2577, 'B', 'B6', 33, 0),
(2578, 'B', 'B7', 33, 0),
(2579, 'B', 'B8', 33, 0),
(2580, 'B', 'B9', 33, 0),
(2581, 'B', 'B10', 33, 0),
(2582, 'C', 'C1', 33, 0),
(2583, 'C', 'C2', 33, 0),
(2584, 'C', 'C3', 33, 0),
(2585, 'C', 'C4', 33, 0),
(2586, 'C', 'C5', 33, 0),
(2587, 'C', 'C6', 33, 0),
(2588, 'C', 'C7', 33, 0),
(2589, 'C', 'C8', 33, 0),
(2590, 'C', 'C9', 33, 0),
(2591, 'C', 'C10', 33, 0),
(2592, 'D', 'D1', 33, 0),
(2593, 'D', 'D2', 33, 0),
(2594, 'D', 'D3', 33, 0),
(2595, 'D', 'D4', 33, 0),
(2596, 'D', 'D5', 33, 0),
(2597, 'D', 'D6', 33, 0),
(2598, 'D', 'D7', 33, 0),
(2599, 'D', 'D8', 33, 0),
(2600, 'D', 'D9', 33, 0),
(2601, 'D', 'D10', 33, 0),
(2602, 'E', 'E1', 33, 0),
(2603, 'E', 'E2', 33, 0),
(2604, 'E', 'E3', 33, 0),
(2605, 'E', 'E4', 33, 0),
(2606, 'E', 'E5', 33, 0),
(2607, 'E', 'E6', 33, 0),
(2608, 'E', 'E7', 33, 0),
(2609, 'E', 'E8', 33, 0),
(2610, 'E', 'E9', 33, 0),
(2611, 'E', 'E10', 33, 0),
(2612, 'F', 'F1', 33, 0),
(2613, 'F', 'F2', 33, 0),
(2614, 'F', 'F3', 33, 0),
(2615, 'F', 'F4', 33, 0),
(2616, 'F', 'F5', 33, 0),
(2617, 'F', 'F6', 33, 0),
(2618, 'F', 'F7', 33, 0),
(2619, 'F', 'F8', 33, 0),
(2620, 'F', 'F9', 33, 0),
(2621, 'F', 'F10', 33, 0),
(2622, 'G', 'G1', 33, 0),
(2623, 'G', 'G2', 33, 0),
(2624, 'G', 'G3', 33, 0),
(2625, 'G', 'G4', 33, 0),
(2626, 'G', 'G5', 33, 0),
(2627, 'G', 'G6', 33, 0),
(2628, 'G', 'G7', 33, 0),
(2629, 'G', 'G8', 33, 0),
(2630, 'G', 'G9', 33, 0),
(2631, 'G', 'G10', 33, 0),
(2632, 'H', 'H1', 33, 0),
(2633, 'H', 'H2', 33, 0),
(2634, 'H', 'H3', 33, 0),
(2635, 'H', 'H4', 33, 0),
(2636, 'H', 'H5', 33, 0),
(2637, 'H', 'H6', 33, 0),
(2638, 'H', 'H7', 33, 0),
(2639, 'H', 'H8', 33, 0),
(2640, 'H', 'H9', 33, 0),
(2641, 'H', 'H10', 33, 0),
(2642, 'A', 'A1', 46, 0),
(2643, 'A', 'A2', 46, 0),
(2644, 'A', 'A3', 46, 0),
(2645, 'A', 'A4', 46, 0),
(2646, 'A', 'A5', 46, 0),
(2647, 'A', 'A6', 46, 0),
(2648, 'A', 'A7', 46, 0),
(2649, 'A', 'A8', 46, 0),
(2650, 'A', 'A9', 46, 0),
(2651, 'A', 'A10', 46, 0),
(2652, 'B', 'B1', 46, 0),
(2653, 'B', 'B2', 46, 0),
(2654, 'B', 'B3', 46, 0),
(2655, 'B', 'B4', 46, 0),
(2656, 'B', 'B5', 46, 0),
(2657, 'B', 'B6', 46, 0),
(2658, 'B', 'B7', 46, 0),
(2659, 'B', 'B8', 46, 0),
(2660, 'B', 'B9', 46, 0),
(2661, 'B', 'B10', 46, 0),
(2662, 'C', 'C1', 46, 0),
(2663, 'C', 'C2', 46, 0),
(2664, 'C', 'C3', 46, 0),
(2665, 'C', 'C4', 46, 0),
(2666, 'C', 'C5', 46, 0),
(2667, 'C', 'C6', 46, 0),
(2668, 'C', 'C7', 46, 0),
(2669, 'C', 'C8', 46, 0),
(2670, 'C', 'C9', 46, 0),
(2671, 'C', 'C10', 46, 0),
(2672, 'D', 'D1', 46, 0),
(2673, 'D', 'D2', 46, 0),
(2674, 'D', 'D3', 46, 0),
(2675, 'D', 'D4', 46, 0),
(2676, 'D', 'D5', 46, 0),
(2677, 'D', 'D6', 46, 0),
(2678, 'D', 'D7', 46, 0),
(2679, 'D', 'D8', 46, 0),
(2680, 'D', 'D9', 46, 0),
(2681, 'D', 'D10', 46, 0),
(2682, 'E', 'E1', 46, 0),
(2683, 'E', 'E2', 46, 0),
(2684, 'E', 'E3', 46, 0),
(2685, 'E', 'E4', 46, 0),
(2686, 'E', 'E5', 46, 0),
(2687, 'E', 'E6', 46, 0),
(2688, 'E', 'E7', 46, 0),
(2689, 'E', 'E8', 46, 0),
(2690, 'E', 'E9', 46, 0),
(2691, 'E', 'E10', 46, 0),
(2692, 'F', 'F1', 46, 0),
(2693, 'F', 'F2', 46, 0),
(2694, 'F', 'F3', 46, 0),
(2695, 'F', 'F4', 46, 0),
(2696, 'F', 'F5', 46, 0),
(2697, 'F', 'F6', 46, 0),
(2698, 'F', 'F7', 46, 0),
(2699, 'F', 'F8', 46, 0),
(2700, 'F', 'F9', 46, 0),
(2701, 'F', 'F10', 46, 0),
(2702, 'G', 'G1', 46, 0),
(2703, 'G', 'G2', 46, 0),
(2704, 'G', 'G3', 46, 0),
(2705, 'G', 'G4', 46, 0),
(2706, 'G', 'G5', 46, 0),
(2707, 'G', 'G6', 46, 0),
(2708, 'G', 'G7', 46, 0),
(2709, 'G', 'G8', 46, 0),
(2710, 'G', 'G9', 46, 0),
(2711, 'G', 'G10', 46, 0),
(2712, 'H', 'H1', 46, 0),
(2713, 'H', 'H2', 46, 0),
(2714, 'H', 'H3', 46, 0),
(2715, 'H', 'H4', 46, 0),
(2716, 'H', 'H5', 46, 0),
(2717, 'H', 'H6', 46, 0),
(2718, 'H', 'H7', 46, 0),
(2719, 'H', 'H8', 46, 0),
(2720, 'H', 'H9', 46, 0),
(2721, 'H', 'H10', 46, 0),
(2722, 'A', 'A1', 48, 0),
(2723, 'A', 'A2', 48, 0),
(2724, 'A', 'A3', 48, 0),
(2725, 'A', 'A4', 48, 0),
(2726, 'A', 'A5', 48, 0),
(2727, 'A', 'A6', 48, 0),
(2728, 'A', 'A7', 48, 0),
(2729, 'A', 'A8', 48, 0),
(2730, 'A', 'A9', 48, 0),
(2731, 'A', 'A10', 48, 0),
(2732, 'B', 'B1', 48, 0),
(2733, 'B', 'B2', 48, 0),
(2734, 'B', 'B3', 48, 0),
(2735, 'B', 'B4', 48, 0),
(2736, 'B', 'B5', 48, 0),
(2737, 'B', 'B6', 48, 0),
(2738, 'B', 'B7', 48, 0),
(2739, 'B', 'B8', 48, 0),
(2740, 'B', 'B9', 48, 0),
(2741, 'B', 'B10', 48, 0),
(2742, 'C', 'C1', 48, 0),
(2743, 'C', 'C2', 48, 0),
(2744, 'C', 'C3', 48, 0),
(2745, 'C', 'C4', 48, 0),
(2746, 'C', 'C5', 48, 0),
(2747, 'C', 'C6', 48, 0),
(2748, 'C', 'C7', 48, 0),
(2749, 'C', 'C8', 48, 0),
(2750, 'C', 'C9', 48, 0),
(2751, 'C', 'C10', 48, 0),
(2752, 'D', 'D1', 48, 0),
(2753, 'D', 'D2', 48, 0),
(2754, 'D', 'D3', 48, 0),
(2755, 'D', 'D4', 48, 0),
(2756, 'D', 'D5', 48, 0),
(2757, 'D', 'D6', 48, 0),
(2758, 'D', 'D7', 48, 0),
(2759, 'D', 'D8', 48, 0),
(2760, 'D', 'D9', 48, 0),
(2761, 'D', 'D10', 48, 0),
(2762, 'E', 'E1', 48, 0),
(2763, 'E', 'E2', 48, 0),
(2764, 'E', 'E3', 48, 0),
(2765, 'E', 'E4', 48, 0),
(2766, 'E', 'E5', 48, 0),
(2767, 'E', 'E6', 48, 0),
(2768, 'E', 'E7', 48, 0),
(2769, 'E', 'E8', 48, 0),
(2770, 'E', 'E9', 48, 0),
(2771, 'E', 'E10', 48, 0),
(2772, 'F', 'F1', 48, 0),
(2773, 'F', 'F2', 48, 0),
(2774, 'F', 'F3', 48, 0),
(2775, 'F', 'F4', 48, 0),
(2776, 'F', 'F5', 48, 0),
(2777, 'F', 'F6', 48, 0),
(2778, 'F', 'F7', 48, 0),
(2779, 'F', 'F8', 48, 0),
(2780, 'F', 'F9', 48, 0),
(2781, 'F', 'F10', 48, 0),
(2782, 'G', 'G1', 48, 0),
(2783, 'G', 'G2', 48, 0),
(2784, 'G', 'G3', 48, 0),
(2785, 'G', 'G4', 48, 0),
(2786, 'G', 'G5', 48, 0),
(2787, 'G', 'G6', 48, 0),
(2788, 'G', 'G7', 48, 0),
(2789, 'G', 'G8', 48, 0),
(2790, 'G', 'G9', 48, 0),
(2791, 'G', 'G10', 48, 0),
(2792, 'H', 'H1', 48, 0),
(2793, 'H', 'H2', 48, 0),
(2794, 'H', 'H3', 48, 0),
(2795, 'H', 'H4', 48, 0),
(2796, 'H', 'H5', 48, 0),
(2797, 'H', 'H6', 48, 0),
(2798, 'H', 'H7', 48, 0),
(2799, 'H', 'H8', 48, 0),
(2800, 'H', 'H9', 48, 0),
(2801, 'H', 'H10', 48, 0),
(2802, 'A', 'A1', 49, 1),
(2803, 'A', 'A2', 49, 1),
(2804, 'A', 'A3', 49, 0),
(2805, 'A', 'A4', 49, 0),
(2806, 'A', 'A5', 49, 0),
(2807, 'A', 'A6', 49, 0),
(2808, 'A', 'A7', 49, 0),
(2809, 'A', 'A8', 49, 0),
(2810, 'A', 'A9', 49, 0),
(2811, 'A', 'A10', 49, 0),
(2812, 'B', 'B1', 49, 0),
(2813, 'B', 'B2', 49, 0),
(2814, 'B', 'B3', 49, 0),
(2815, 'B', 'B4', 49, 0),
(2816, 'B', 'B5', 49, 0),
(2817, 'B', 'B6', 49, 0),
(2818, 'B', 'B7', 49, 0),
(2819, 'B', 'B8', 49, 0),
(2820, 'B', 'B9', 49, 0),
(2821, 'B', 'B10', 49, 0),
(2822, 'C', 'C1', 49, 0),
(2823, 'C', 'C2', 49, 0),
(2824, 'C', 'C3', 49, 0),
(2825, 'C', 'C4', 49, 0),
(2826, 'C', 'C5', 49, 0),
(2827, 'C', 'C6', 49, 0),
(2828, 'C', 'C7', 49, 0),
(2829, 'C', 'C8', 49, 0),
(2830, 'C', 'C9', 49, 0),
(2831, 'C', 'C10', 49, 0),
(2832, 'D', 'D1', 49, 0),
(2833, 'D', 'D2', 49, 0),
(2834, 'D', 'D3', 49, 0),
(2835, 'D', 'D4', 49, 0),
(2836, 'D', 'D5', 49, 0),
(2837, 'D', 'D6', 49, 0),
(2838, 'D', 'D7', 49, 0),
(2839, 'D', 'D8', 49, 0),
(2840, 'D', 'D9', 49, 0),
(2841, 'D', 'D10', 49, 0),
(2842, 'E', 'E1', 49, 0),
(2843, 'E', 'E2', 49, 0),
(2844, 'E', 'E3', 49, 0),
(2845, 'E', 'E4', 49, 0),
(2846, 'E', 'E5', 49, 0),
(2847, 'E', 'E6', 49, 0),
(2848, 'E', 'E7', 49, 0),
(2849, 'E', 'E8', 49, 0),
(2850, 'E', 'E9', 49, 0),
(2851, 'E', 'E10', 49, 0),
(2852, 'F', 'F1', 49, 0),
(2853, 'F', 'F2', 49, 0),
(2854, 'F', 'F3', 49, 0),
(2855, 'F', 'F4', 49, 0),
(2856, 'F', 'F5', 49, 0),
(2857, 'F', 'F6', 49, 0),
(2858, 'F', 'F7', 49, 0),
(2859, 'F', 'F8', 49, 0),
(2860, 'F', 'F9', 49, 0),
(2861, 'F', 'F10', 49, 0),
(2862, 'G', 'G1', 49, 0),
(2863, 'G', 'G2', 49, 0),
(2864, 'G', 'G3', 49, 0),
(2865, 'G', 'G4', 49, 0),
(2866, 'G', 'G5', 49, 0),
(2867, 'G', 'G6', 49, 0),
(2868, 'G', 'G7', 49, 0),
(2869, 'G', 'G8', 49, 0),
(2870, 'G', 'G9', 49, 0),
(2871, 'G', 'G10', 49, 0),
(2872, 'H', 'H1', 49, 0),
(2873, 'H', 'H2', 49, 0),
(2874, 'H', 'H3', 49, 0),
(2875, 'H', 'H4', 49, 0),
(2876, 'H', 'H5', 49, 0),
(2877, 'H', 'H6', 49, 0),
(2878, 'H', 'H7', 49, 0),
(2879, 'H', 'H8', 49, 0),
(2880, 'H', 'H9', 49, 0),
(2881, 'H', 'H10', 49, 0),
(2882, 'A', 'A1', 50, 0),
(2883, 'A', 'A2', 50, 0),
(2884, 'A', 'A3', 50, 0),
(2885, 'A', 'A4', 50, 0),
(2886, 'A', 'A5', 50, 0),
(2887, 'A', 'A6', 50, 0),
(2888, 'A', 'A7', 50, 0),
(2889, 'A', 'A8', 50, 0),
(2890, 'A', 'A9', 50, 0),
(2891, 'A', 'A10', 50, 0),
(2892, 'B', 'B1', 50, 0),
(2893, 'B', 'B2', 50, 0),
(2894, 'B', 'B3', 50, 0),
(2895, 'B', 'B4', 50, 0),
(2896, 'B', 'B5', 50, 0),
(2897, 'B', 'B6', 50, 0),
(2898, 'B', 'B7', 50, 0),
(2899, 'B', 'B8', 50, 0),
(2900, 'B', 'B9', 50, 0),
(2901, 'B', 'B10', 50, 0),
(2902, 'C', 'C1', 50, 0),
(2903, 'C', 'C2', 50, 0),
(2904, 'C', 'C3', 50, 0),
(2905, 'C', 'C4', 50, 0),
(2906, 'C', 'C5', 50, 0),
(2907, 'C', 'C6', 50, 0),
(2908, 'C', 'C7', 50, 0),
(2909, 'C', 'C8', 50, 0),
(2910, 'C', 'C9', 50, 0),
(2911, 'C', 'C10', 50, 0),
(2912, 'D', 'D1', 50, 0),
(2913, 'D', 'D2', 50, 0),
(2914, 'D', 'D3', 50, 0),
(2915, 'D', 'D4', 50, 0),
(2916, 'D', 'D5', 50, 0),
(2917, 'D', 'D6', 50, 0),
(2918, 'D', 'D7', 50, 0),
(2919, 'D', 'D8', 50, 0),
(2920, 'D', 'D9', 50, 0),
(2921, 'D', 'D10', 50, 0),
(2922, 'E', 'E1', 50, 0),
(2923, 'E', 'E2', 50, 0),
(2924, 'E', 'E3', 50, 0),
(2925, 'E', 'E4', 50, 0),
(2926, 'E', 'E5', 50, 0),
(2927, 'E', 'E6', 50, 0),
(2928, 'E', 'E7', 50, 0),
(2929, 'E', 'E8', 50, 0),
(2930, 'E', 'E9', 50, 0),
(2931, 'E', 'E10', 50, 0),
(2932, 'F', 'F1', 50, 0),
(2933, 'F', 'F2', 50, 0),
(2934, 'F', 'F3', 50, 0),
(2935, 'F', 'F4', 50, 0),
(2936, 'F', 'F5', 50, 0),
(2937, 'F', 'F6', 50, 0),
(2938, 'F', 'F7', 50, 0),
(2939, 'F', 'F8', 50, 0),
(2940, 'F', 'F9', 50, 0),
(2941, 'F', 'F10', 50, 0),
(2942, 'G', 'G1', 50, 0),
(2943, 'G', 'G2', 50, 0),
(2944, 'G', 'G3', 50, 0),
(2945, 'G', 'G4', 50, 0),
(2946, 'G', 'G5', 50, 0),
(2947, 'G', 'G6', 50, 0),
(2948, 'G', 'G7', 50, 0),
(2949, 'G', 'G8', 50, 0),
(2950, 'G', 'G9', 50, 0),
(2951, 'G', 'G10', 50, 0),
(2952, 'H', 'H1', 50, 0),
(2953, 'H', 'H2', 50, 0),
(2954, 'H', 'H3', 50, 0),
(2955, 'H', 'H4', 50, 0),
(2956, 'H', 'H5', 50, 1),
(2957, 'H', 'H6', 50, 1),
(2958, 'H', 'H7', 50, 0),
(2959, 'H', 'H8', 50, 0),
(2960, 'H', 'H9', 50, 0),
(2961, 'H', 'H10', 50, 0),
(2962, 'A', 'A1', 51, 1),
(2963, 'A', 'A2', 51, 0),
(2964, 'A', 'A3', 51, 0),
(2965, 'A', 'A4', 51, 0),
(2966, 'A', 'A5', 51, 0),
(2967, 'A', 'A6', 51, 0),
(2968, 'A', 'A7', 51, 0),
(2969, 'A', 'A8', 51, 0),
(2970, 'A', 'A9', 51, 0),
(2971, 'A', 'A10', 51, 0),
(2972, 'B', 'B1', 51, 0),
(2973, 'B', 'B2', 51, 0),
(2974, 'B', 'B3', 51, 0),
(2975, 'B', 'B4', 51, 0),
(2976, 'B', 'B5', 51, 0),
(2977, 'B', 'B6', 51, 0),
(2978, 'B', 'B7', 51, 0),
(2979, 'B', 'B8', 51, 0),
(2980, 'B', 'B9', 51, 0),
(2981, 'B', 'B10', 51, 0),
(2982, 'C', 'C1', 51, 0),
(2983, 'C', 'C2', 51, 0),
(2984, 'C', 'C3', 51, 0),
(2985, 'C', 'C4', 51, 0),
(2986, 'C', 'C5', 51, 0),
(2987, 'C', 'C6', 51, 0),
(2988, 'C', 'C7', 51, 0),
(2989, 'C', 'C8', 51, 0),
(2990, 'C', 'C9', 51, 0),
(2991, 'C', 'C10', 51, 0),
(2992, 'D', 'D1', 51, 0),
(2993, 'D', 'D2', 51, 0),
(2994, 'D', 'D3', 51, 0),
(2995, 'D', 'D4', 51, 0),
(2996, 'D', 'D5', 51, 0),
(2997, 'D', 'D6', 51, 0),
(2998, 'D', 'D7', 51, 0),
(2999, 'D', 'D8', 51, 0),
(3000, 'D', 'D9', 51, 0),
(3001, 'D', 'D10', 51, 0),
(3002, 'E', 'E1', 51, 0),
(3003, 'E', 'E2', 51, 0),
(3004, 'E', 'E3', 51, 0),
(3005, 'E', 'E4', 51, 0),
(3006, 'E', 'E5', 51, 0),
(3007, 'E', 'E6', 51, 0),
(3008, 'E', 'E7', 51, 0),
(3009, 'E', 'E8', 51, 0),
(3010, 'E', 'E9', 51, 0),
(3011, 'E', 'E10', 51, 0),
(3012, 'F', 'F1', 51, 0),
(3013, 'F', 'F2', 51, 0),
(3014, 'F', 'F3', 51, 0),
(3015, 'F', 'F4', 51, 0),
(3016, 'F', 'F5', 51, 0),
(3017, 'F', 'F6', 51, 0),
(3018, 'F', 'F7', 51, 0),
(3019, 'F', 'F8', 51, 0),
(3020, 'F', 'F9', 51, 0),
(3021, 'F', 'F10', 51, 0),
(3022, 'G', 'G1', 51, 0),
(3023, 'G', 'G2', 51, 0),
(3024, 'G', 'G3', 51, 0),
(3025, 'G', 'G4', 51, 0),
(3026, 'G', 'G5', 51, 0),
(3027, 'G', 'G6', 51, 0),
(3028, 'G', 'G7', 51, 0),
(3029, 'G', 'G8', 51, 0),
(3030, 'G', 'G9', 51, 0),
(3031, 'G', 'G10', 51, 0),
(3032, 'H', 'H1', 51, 0),
(3033, 'H', 'H2', 51, 0),
(3034, 'H', 'H3', 51, 0),
(3035, 'H', 'H4', 51, 0),
(3036, 'H', 'H5', 51, 1),
(3037, 'H', 'H6', 51, 1),
(3038, 'H', 'H7', 51, 1),
(3039, 'H', 'H8', 51, 0),
(3040, 'H', 'H9', 51, 0),
(3041, 'H', 'H10', 51, 0),
(3042, 'A', 'A1', 52, 0),
(3043, 'A', 'A2', 52, 0),
(3044, 'A', 'A3', 52, 0),
(3045, 'A', 'A4', 52, 0),
(3046, 'A', 'A5', 52, 0),
(3047, 'A', 'A6', 52, 0),
(3048, 'A', 'A7', 52, 0),
(3049, 'A', 'A8', 52, 0),
(3050, 'A', 'A9', 52, 0),
(3051, 'A', 'A10', 52, 0),
(3052, 'B', 'B1', 52, 0),
(3053, 'B', 'B2', 52, 0),
(3054, 'B', 'B3', 52, 0),
(3055, 'B', 'B4', 52, 0),
(3056, 'B', 'B5', 52, 0),
(3057, 'B', 'B6', 52, 0),
(3058, 'B', 'B7', 52, 0),
(3059, 'B', 'B8', 52, 0),
(3060, 'B', 'B9', 52, 0),
(3061, 'B', 'B10', 52, 0),
(3062, 'C', 'C1', 52, 0),
(3063, 'C', 'C2', 52, 0),
(3064, 'C', 'C3', 52, 0),
(3065, 'C', 'C4', 52, 0),
(3066, 'C', 'C5', 52, 0),
(3067, 'C', 'C6', 52, 0),
(3068, 'C', 'C7', 52, 0),
(3069, 'C', 'C8', 52, 0),
(3070, 'C', 'C9', 52, 0),
(3071, 'C', 'C10', 52, 0),
(3072, 'D', 'D1', 52, 0),
(3073, 'D', 'D2', 52, 0),
(3074, 'D', 'D3', 52, 0),
(3075, 'D', 'D4', 52, 0),
(3076, 'D', 'D5', 52, 0),
(3077, 'D', 'D6', 52, 0),
(3078, 'D', 'D7', 52, 0),
(3079, 'D', 'D8', 52, 0),
(3080, 'D', 'D9', 52, 0),
(3081, 'D', 'D10', 52, 0),
(3082, 'E', 'E1', 52, 0),
(3083, 'E', 'E2', 52, 0),
(3084, 'E', 'E3', 52, 0),
(3085, 'E', 'E4', 52, 0),
(3086, 'E', 'E5', 52, 0),
(3087, 'E', 'E6', 52, 0),
(3088, 'E', 'E7', 52, 0),
(3089, 'E', 'E8', 52, 0),
(3090, 'E', 'E9', 52, 0),
(3091, 'E', 'E10', 52, 0),
(3092, 'F', 'F1', 52, 0),
(3093, 'F', 'F2', 52, 0),
(3094, 'F', 'F3', 52, 0),
(3095, 'F', 'F4', 52, 0),
(3096, 'F', 'F5', 52, 0),
(3097, 'F', 'F6', 52, 0),
(3098, 'F', 'F7', 52, 0),
(3099, 'F', 'F8', 52, 0),
(3100, 'F', 'F9', 52, 0),
(3101, 'F', 'F10', 52, 0),
(3102, 'G', 'G1', 52, 0),
(3103, 'G', 'G2', 52, 0),
(3104, 'G', 'G3', 52, 0),
(3105, 'G', 'G4', 52, 0),
(3106, 'G', 'G5', 52, 0),
(3107, 'G', 'G6', 52, 0),
(3108, 'G', 'G7', 52, 0),
(3109, 'G', 'G8', 52, 0),
(3110, 'G', 'G9', 52, 0),
(3111, 'G', 'G10', 52, 0),
(3112, 'H', 'H1', 52, 0),
(3113, 'H', 'H2', 52, 0),
(3114, 'H', 'H3', 52, 0),
(3115, 'H', 'H4', 52, 0),
(3116, 'H', 'H5', 52, 0),
(3117, 'H', 'H6', 52, 0),
(3118, 'H', 'H7', 52, 0),
(3119, 'H', 'H8', 52, 0),
(3120, 'H', 'H9', 52, 0),
(3121, 'H', 'H10', 52, 0),
(3122, 'A', 'A1', 53, 0),
(3123, 'A', 'A2', 53, 0),
(3124, 'A', 'A3', 53, 0),
(3125, 'A', 'A4', 53, 0),
(3126, 'A', 'A5', 53, 0),
(3127, 'A', 'A6', 53, 0),
(3128, 'A', 'A7', 53, 0),
(3129, 'A', 'A8', 53, 0),
(3130, 'A', 'A9', 53, 0),
(3131, 'A', 'A10', 53, 0),
(3132, 'B', 'B1', 53, 0),
(3133, 'B', 'B2', 53, 0),
(3134, 'B', 'B3', 53, 0),
(3135, 'B', 'B4', 53, 0),
(3136, 'B', 'B5', 53, 0),
(3137, 'B', 'B6', 53, 0),
(3138, 'B', 'B7', 53, 0),
(3139, 'B', 'B8', 53, 0),
(3140, 'B', 'B9', 53, 0),
(3141, 'B', 'B10', 53, 0),
(3142, 'C', 'C1', 53, 0),
(3143, 'C', 'C2', 53, 0),
(3144, 'C', 'C3', 53, 0),
(3145, 'C', 'C4', 53, 0),
(3146, 'C', 'C5', 53, 0),
(3147, 'C', 'C6', 53, 0),
(3148, 'C', 'C7', 53, 0),
(3149, 'C', 'C8', 53, 0),
(3150, 'C', 'C9', 53, 0),
(3151, 'C', 'C10', 53, 0),
(3152, 'D', 'D1', 53, 0),
(3153, 'D', 'D2', 53, 0),
(3154, 'D', 'D3', 53, 0),
(3155, 'D', 'D4', 53, 0),
(3156, 'D', 'D5', 53, 0),
(3157, 'D', 'D6', 53, 0),
(3158, 'D', 'D7', 53, 0),
(3159, 'D', 'D8', 53, 0),
(3160, 'D', 'D9', 53, 0),
(3161, 'D', 'D10', 53, 0),
(3162, 'E', 'E1', 53, 0),
(3163, 'E', 'E2', 53, 0),
(3164, 'E', 'E3', 53, 0),
(3165, 'E', 'E4', 53, 0),
(3166, 'E', 'E5', 53, 0),
(3167, 'E', 'E6', 53, 0),
(3168, 'E', 'E7', 53, 0),
(3169, 'E', 'E8', 53, 0),
(3170, 'E', 'E9', 53, 0),
(3171, 'E', 'E10', 53, 0),
(3172, 'F', 'F1', 53, 0),
(3173, 'F', 'F2', 53, 0),
(3174, 'F', 'F3', 53, 0),
(3175, 'F', 'F4', 53, 0),
(3176, 'F', 'F5', 53, 0),
(3177, 'F', 'F6', 53, 0),
(3178, 'F', 'F7', 53, 0),
(3179, 'F', 'F8', 53, 0),
(3180, 'F', 'F9', 53, 0),
(3181, 'F', 'F10', 53, 0),
(3182, 'G', 'G1', 53, 0),
(3183, 'G', 'G2', 53, 0),
(3184, 'G', 'G3', 53, 0),
(3185, 'G', 'G4', 53, 0),
(3186, 'G', 'G5', 53, 0),
(3187, 'G', 'G6', 53, 0),
(3188, 'G', 'G7', 53, 0),
(3189, 'G', 'G8', 53, 0),
(3190, 'G', 'G9', 53, 0),
(3191, 'G', 'G10', 53, 0),
(3192, 'H', 'H1', 53, 0),
(3193, 'H', 'H2', 53, 0),
(3194, 'H', 'H3', 53, 0),
(3195, 'H', 'H4', 53, 0),
(3196, 'H', 'H5', 53, 0),
(3197, 'H', 'H6', 53, 0),
(3198, 'H', 'H7', 53, 0),
(3199, 'H', 'H8', 53, 0),
(3200, 'H', 'H9', 53, 0),
(3201, 'H', 'H10', 53, 0),
(3202, 'A', 'A1', 58, 0),
(3203, 'A', 'A2', 58, 0),
(3204, 'A', 'A3', 58, 0),
(3205, 'A', 'A4', 58, 0),
(3206, 'A', 'A5', 58, 0),
(3207, 'A', 'A6', 58, 0),
(3208, 'A', 'A7', 58, 0),
(3209, 'A', 'A8', 58, 0),
(3210, 'A', 'A9', 58, 0),
(3211, 'A', 'A10', 58, 0),
(3212, 'B', 'B1', 58, 0),
(3213, 'B', 'B2', 58, 0),
(3214, 'B', 'B3', 58, 0),
(3215, 'B', 'B4', 58, 0),
(3216, 'B', 'B5', 58, 0),
(3217, 'B', 'B6', 58, 0),
(3218, 'B', 'B7', 58, 0),
(3219, 'B', 'B8', 58, 0),
(3220, 'B', 'B9', 58, 0),
(3221, 'B', 'B10', 58, 0),
(3222, 'C', 'C1', 58, 0),
(3223, 'C', 'C2', 58, 0),
(3224, 'C', 'C3', 58, 0),
(3225, 'C', 'C4', 58, 0),
(3226, 'C', 'C5', 58, 0),
(3227, 'C', 'C6', 58, 0),
(3228, 'C', 'C7', 58, 0),
(3229, 'C', 'C8', 58, 0),
(3230, 'C', 'C9', 58, 0),
(3231, 'C', 'C10', 58, 0),
(3232, 'D', 'D1', 58, 0),
(3233, 'D', 'D2', 58, 0),
(3234, 'D', 'D3', 58, 0),
(3235, 'D', 'D4', 58, 0),
(3236, 'D', 'D5', 58, 0),
(3237, 'D', 'D6', 58, 0),
(3238, 'D', 'D7', 58, 0),
(3239, 'D', 'D8', 58, 0),
(3240, 'D', 'D9', 58, 0),
(3241, 'D', 'D10', 58, 0),
(3242, 'E', 'E1', 58, 0),
(3243, 'E', 'E2', 58, 0),
(3244, 'E', 'E3', 58, 0),
(3245, 'E', 'E4', 58, 0),
(3246, 'E', 'E5', 58, 0),
(3247, 'E', 'E6', 58, 0),
(3248, 'E', 'E7', 58, 0),
(3249, 'E', 'E8', 58, 0),
(3250, 'E', 'E9', 58, 0),
(3251, 'E', 'E10', 58, 0),
(3252, 'F', 'F1', 58, 0),
(3253, 'F', 'F2', 58, 0),
(3254, 'F', 'F3', 58, 0),
(3255, 'F', 'F4', 58, 0),
(3256, 'F', 'F5', 58, 0),
(3257, 'F', 'F6', 58, 0),
(3258, 'F', 'F7', 58, 0),
(3259, 'F', 'F8', 58, 0),
(3260, 'F', 'F9', 58, 0),
(3261, 'F', 'F10', 58, 0),
(3262, 'G', 'G1', 58, 0),
(3263, 'G', 'G2', 58, 0),
(3264, 'G', 'G3', 58, 0),
(3265, 'G', 'G4', 58, 0),
(3266, 'G', 'G5', 58, 0),
(3267, 'G', 'G6', 58, 0),
(3268, 'G', 'G7', 58, 0),
(3269, 'G', 'G8', 58, 0),
(3270, 'G', 'G9', 58, 0),
(3271, 'G', 'G10', 58, 0),
(3272, 'H', 'H1', 58, 0),
(3273, 'H', 'H2', 58, 0),
(3274, 'H', 'H3', 58, 0),
(3275, 'H', 'H4', 58, 0),
(3276, 'H', 'H5', 58, 0),
(3277, 'H', 'H6', 58, 0),
(3278, 'H', 'H7', 58, 0),
(3279, 'H', 'H8', 58, 0),
(3280, 'H', 'H9', 58, 0),
(3281, 'H', 'H10', 58, 0),
(3282, 'A', 'A1', 59, 1),
(3283, 'A', 'A2', 59, 1),
(3284, 'A', 'A3', 59, 0),
(3285, 'A', 'A4', 59, 1),
(3286, 'A', 'A5', 59, 1),
(3287, 'A', 'A6', 59, 0),
(3288, 'A', 'A7', 59, 0),
(3289, 'A', 'A8', 59, 0),
(3290, 'A', 'A9', 59, 0),
(3291, 'A', 'A10', 59, 0),
(3292, 'B', 'B1', 59, 0),
(3293, 'B', 'B2', 59, 0),
(3294, 'B', 'B3', 59, 0),
(3295, 'B', 'B4', 59, 0),
(3296, 'B', 'B5', 59, 0),
(3297, 'B', 'B6', 59, 0),
(3298, 'B', 'B7', 59, 0),
(3299, 'B', 'B8', 59, 0),
(3300, 'B', 'B9', 59, 0),
(3301, 'B', 'B10', 59, 0),
(3302, 'C', 'C1', 59, 0),
(3303, 'C', 'C2', 59, 0),
(3304, 'C', 'C3', 59, 0),
(3305, 'C', 'C4', 59, 0),
(3306, 'C', 'C5', 59, 0),
(3307, 'C', 'C6', 59, 0),
(3308, 'C', 'C7', 59, 0),
(3309, 'C', 'C8', 59, 0),
(3310, 'C', 'C9', 59, 0),
(3311, 'C', 'C10', 59, 0),
(3312, 'D', 'D1', 59, 0),
(3313, 'D', 'D2', 59, 0),
(3314, 'D', 'D3', 59, 0),
(3315, 'D', 'D4', 59, 0),
(3316, 'D', 'D5', 59, 0),
(3317, 'D', 'D6', 59, 0),
(3318, 'D', 'D7', 59, 0),
(3319, 'D', 'D8', 59, 0),
(3320, 'D', 'D9', 59, 0),
(3321, 'D', 'D10', 59, 0),
(3322, 'E', 'E1', 59, 0),
(3323, 'E', 'E2', 59, 0),
(3324, 'E', 'E3', 59, 0),
(3325, 'E', 'E4', 59, 0),
(3326, 'E', 'E5', 59, 0),
(3327, 'E', 'E6', 59, 0),
(3328, 'E', 'E7', 59, 0),
(3329, 'E', 'E8', 59, 0),
(3330, 'E', 'E9', 59, 0),
(3331, 'E', 'E10', 59, 0),
(3332, 'F', 'F1', 59, 0),
(3333, 'F', 'F2', 59, 0),
(3334, 'F', 'F3', 59, 0),
(3335, 'F', 'F4', 59, 0),
(3336, 'F', 'F5', 59, 0),
(3337, 'F', 'F6', 59, 0),
(3338, 'F', 'F7', 59, 0),
(3339, 'F', 'F8', 59, 0),
(3340, 'F', 'F9', 59, 0),
(3341, 'F', 'F10', 59, 0),
(3342, 'G', 'G1', 59, 0),
(3343, 'G', 'G2', 59, 0),
(3344, 'G', 'G3', 59, 0),
(3345, 'G', 'G4', 59, 0),
(3346, 'G', 'G5', 59, 0),
(3347, 'G', 'G6', 59, 0),
(3348, 'G', 'G7', 59, 0),
(3349, 'G', 'G8', 59, 0),
(3350, 'G', 'G9', 59, 0),
(3351, 'G', 'G10', 59, 0),
(3352, 'H', 'H1', 59, 0),
(3353, 'H', 'H2', 59, 0),
(3354, 'H', 'H3', 59, 0),
(3355, 'H', 'H4', 59, 0),
(3356, 'H', 'H5', 59, 0),
(3357, 'H', 'H6', 59, 0),
(3358, 'H', 'H7', 59, 0),
(3359, 'H', 'H8', 59, 0),
(3360, 'H', 'H9', 59, 0),
(3361, 'H', 'H10', 59, 0),
(3362, 'A', 'A1', 60, 0),
(3363, 'A', 'A2', 60, 0),
(3364, 'A', 'A3', 60, 0),
(3365, 'A', 'A4', 60, 0),
(3366, 'A', 'A5', 60, 0),
(3367, 'A', 'A6', 60, 0),
(3368, 'A', 'A7', 60, 0),
(3369, 'A', 'A8', 60, 0),
(3370, 'A', 'A9', 60, 0),
(3371, 'A', 'A10', 60, 0),
(3372, 'B', 'B1', 60, 0),
(3373, 'B', 'B2', 60, 0),
(3374, 'B', 'B3', 60, 0),
(3375, 'B', 'B4', 60, 0),
(3376, 'B', 'B5', 60, 0),
(3377, 'B', 'B6', 60, 0),
(3378, 'B', 'B7', 60, 0),
(3379, 'B', 'B8', 60, 0),
(3380, 'B', 'B9', 60, 0),
(3381, 'B', 'B10', 60, 0),
(3382, 'C', 'C1', 60, 0),
(3383, 'C', 'C2', 60, 0),
(3384, 'C', 'C3', 60, 0),
(3385, 'C', 'C4', 60, 0),
(3386, 'C', 'C5', 60, 0),
(3387, 'C', 'C6', 60, 0),
(3388, 'C', 'C7', 60, 0),
(3389, 'C', 'C8', 60, 0),
(3390, 'C', 'C9', 60, 0),
(3391, 'C', 'C10', 60, 0),
(3392, 'D', 'D1', 60, 0),
(3393, 'D', 'D2', 60, 0),
(3394, 'D', 'D3', 60, 0),
(3395, 'D', 'D4', 60, 0),
(3396, 'D', 'D5', 60, 0),
(3397, 'D', 'D6', 60, 0),
(3398, 'D', 'D7', 60, 0),
(3399, 'D', 'D8', 60, 0),
(3400, 'D', 'D9', 60, 0),
(3401, 'D', 'D10', 60, 0),
(3402, 'E', 'E1', 60, 0),
(3403, 'E', 'E2', 60, 0),
(3404, 'E', 'E3', 60, 0),
(3405, 'E', 'E4', 60, 0),
(3406, 'E', 'E5', 60, 0),
(3407, 'E', 'E6', 60, 0),
(3408, 'E', 'E7', 60, 0),
(3409, 'E', 'E8', 60, 0),
(3410, 'E', 'E9', 60, 0),
(3411, 'E', 'E10', 60, 0),
(3412, 'F', 'F1', 60, 0),
(3413, 'F', 'F2', 60, 0),
(3414, 'F', 'F3', 60, 0),
(3415, 'F', 'F4', 60, 0),
(3416, 'F', 'F5', 60, 0),
(3417, 'F', 'F6', 60, 0),
(3418, 'F', 'F7', 60, 0),
(3419, 'F', 'F8', 60, 0),
(3420, 'F', 'F9', 60, 0),
(3421, 'F', 'F10', 60, 0),
(3422, 'G', 'G1', 60, 0),
(3423, 'G', 'G2', 60, 0),
(3424, 'G', 'G3', 60, 0),
(3425, 'G', 'G4', 60, 0),
(3426, 'G', 'G5', 60, 0),
(3427, 'G', 'G6', 60, 0),
(3428, 'G', 'G7', 60, 0),
(3429, 'G', 'G8', 60, 0),
(3430, 'G', 'G9', 60, 0),
(3431, 'G', 'G10', 60, 0),
(3432, 'H', 'H1', 60, 0),
(3433, 'H', 'H2', 60, 0),
(3434, 'H', 'H3', 60, 0),
(3435, 'H', 'H4', 60, 0),
(3436, 'H', 'H5', 60, 0),
(3437, 'H', 'H6', 60, 0),
(3438, 'H', 'H7', 60, 0),
(3439, 'H', 'H8', 60, 0),
(3440, 'H', 'H9', 60, 0),
(3441, 'H', 'H10', 60, 0),
(3442, 'A', 'A1', 61, 1),
(3443, 'A', 'A2', 61, 1),
(3444, 'A', 'A3', 61, 1),
(3445, 'A', 'A4', 61, 1),
(3446, 'A', 'A5', 61, 1),
(3447, 'A', 'A6', 61, 1),
(3448, 'A', 'A7', 61, 1),
(3449, 'A', 'A8', 61, 1),
(3450, 'A', 'A9', 61, 1),
(3451, 'A', 'A10', 61, 1),
(3452, 'B', 'B1', 61, 1),
(3453, 'B', 'B2', 61, 1),
(3454, 'B', 'B3', 61, 1),
(3455, 'B', 'B4', 61, 1),
(3456, 'B', 'B5', 61, 1),
(3457, 'B', 'B6', 61, 1),
(3458, 'B', 'B7', 61, 1),
(3459, 'B', 'B8', 61, 1),
(3460, 'B', 'B9', 61, 1),
(3461, 'B', 'B10', 61, 1),
(3462, 'C', 'C1', 61, 0),
(3463, 'C', 'C2', 61, 0),
(3464, 'C', 'C3', 61, 0),
(3465, 'C', 'C4', 61, 0),
(3466, 'C', 'C5', 61, 0),
(3467, 'C', 'C6', 61, 0),
(3468, 'C', 'C7', 61, 0),
(3469, 'C', 'C8', 61, 0),
(3470, 'C', 'C9', 61, 0),
(3471, 'C', 'C10', 61, 0),
(3472, 'D', 'D1', 61, 0),
(3473, 'D', 'D2', 61, 0),
(3474, 'D', 'D3', 61, 0),
(3475, 'D', 'D4', 61, 0),
(3476, 'D', 'D5', 61, 0),
(3477, 'D', 'D6', 61, 0),
(3478, 'D', 'D7', 61, 0),
(3479, 'D', 'D8', 61, 0),
(3480, 'D', 'D9', 61, 0),
(3481, 'D', 'D10', 61, 0),
(3482, 'E', 'E1', 61, 0),
(3483, 'E', 'E2', 61, 0),
(3484, 'E', 'E3', 61, 0),
(3485, 'E', 'E4', 61, 0),
(3486, 'E', 'E5', 61, 0),
(3487, 'E', 'E6', 61, 0),
(3488, 'E', 'E7', 61, 0),
(3489, 'E', 'E8', 61, 0),
(3490, 'E', 'E9', 61, 0),
(3491, 'E', 'E10', 61, 0),
(3492, 'F', 'F1', 61, 0),
(3493, 'F', 'F2', 61, 0),
(3494, 'F', 'F3', 61, 0),
(3495, 'F', 'F4', 61, 0),
(3496, 'F', 'F5', 61, 0),
(3497, 'F', 'F6', 61, 0),
(3498, 'F', 'F7', 61, 0),
(3499, 'F', 'F8', 61, 0),
(3500, 'F', 'F9', 61, 0),
(3501, 'F', 'F10', 61, 0),
(3502, 'G', 'G1', 61, 0),
(3503, 'G', 'G2', 61, 0),
(3504, 'G', 'G3', 61, 0),
(3505, 'G', 'G4', 61, 0),
(3506, 'G', 'G5', 61, 0),
(3507, 'G', 'G6', 61, 0),
(3508, 'G', 'G7', 61, 0),
(3509, 'G', 'G8', 61, 0),
(3510, 'G', 'G9', 61, 0),
(3511, 'G', 'G10', 61, 0),
(3512, 'H', 'H1', 61, 0),
(3513, 'H', 'H2', 61, 0),
(3514, 'H', 'H3', 61, 0),
(3515, 'H', 'H4', 61, 0),
(3516, 'H', 'H5', 61, 0),
(3517, 'H', 'H6', 61, 0),
(3518, 'H', 'H7', 61, 0),
(3519, 'H', 'H8', 61, 0),
(3520, 'H', 'H9', 61, 0),
(3521, 'H', 'H10', 61, 0),
(3522, 'A', 'A1', 62, 1),
(3523, 'A', 'A2', 62, 0),
(3524, 'A', 'A3', 62, 0),
(3525, 'A', 'A4', 62, 0),
(3526, 'A', 'A5', 62, 0),
(3527, 'A', 'A6', 62, 0),
(3528, 'A', 'A7', 62, 0),
(3529, 'A', 'A8', 62, 0),
(3530, 'A', 'A9', 62, 0),
(3531, 'A', 'A10', 62, 0),
(3532, 'B', 'B1', 62, 0),
(3533, 'B', 'B2', 62, 0),
(3534, 'B', 'B3', 62, 0),
(3535, 'B', 'B4', 62, 0),
(3536, 'B', 'B5', 62, 0),
(3537, 'B', 'B6', 62, 0),
(3538, 'B', 'B7', 62, 0),
(3539, 'B', 'B8', 62, 0),
(3540, 'B', 'B9', 62, 0),
(3541, 'B', 'B10', 62, 0),
(3542, 'C', 'C1', 62, 0),
(3543, 'C', 'C2', 62, 0),
(3544, 'C', 'C3', 62, 0),
(3545, 'C', 'C4', 62, 0),
(3546, 'C', 'C5', 62, 0),
(3547, 'C', 'C6', 62, 0),
(3548, 'C', 'C7', 62, 0),
(3549, 'C', 'C8', 62, 0),
(3550, 'C', 'C9', 62, 0),
(3551, 'C', 'C10', 62, 0),
(3552, 'D', 'D1', 62, 0),
(3553, 'D', 'D2', 62, 0),
(3554, 'D', 'D3', 62, 0),
(3555, 'D', 'D4', 62, 0),
(3556, 'D', 'D5', 62, 0),
(3557, 'D', 'D6', 62, 0),
(3558, 'D', 'D7', 62, 0),
(3559, 'D', 'D8', 62, 0),
(3560, 'D', 'D9', 62, 0),
(3561, 'D', 'D10', 62, 0),
(3562, 'E', 'E1', 62, 0),
(3563, 'E', 'E2', 62, 0),
(3564, 'E', 'E3', 62, 0),
(3565, 'E', 'E4', 62, 0),
(3566, 'E', 'E5', 62, 0),
(3567, 'E', 'E6', 62, 0),
(3568, 'E', 'E7', 62, 0),
(3569, 'E', 'E8', 62, 0),
(3570, 'E', 'E9', 62, 0),
(3571, 'E', 'E10', 62, 0),
(3572, 'F', 'F1', 62, 0),
(3573, 'F', 'F2', 62, 0),
(3574, 'F', 'F3', 62, 0),
(3575, 'F', 'F4', 62, 0),
(3576, 'F', 'F5', 62, 0),
(3577, 'F', 'F6', 62, 0),
(3578, 'F', 'F7', 62, 0),
(3579, 'F', 'F8', 62, 0),
(3580, 'F', 'F9', 62, 0),
(3581, 'F', 'F10', 62, 0),
(3582, 'G', 'G1', 62, 0),
(3583, 'G', 'G2', 62, 0),
(3584, 'G', 'G3', 62, 0),
(3585, 'G', 'G4', 62, 0),
(3586, 'G', 'G5', 62, 0),
(3587, 'G', 'G6', 62, 0),
(3588, 'G', 'G7', 62, 0),
(3589, 'G', 'G8', 62, 0),
(3590, 'G', 'G9', 62, 0),
(3591, 'G', 'G10', 62, 0),
(3592, 'H', 'H1', 62, 0),
(3593, 'H', 'H2', 62, 0),
(3594, 'H', 'H3', 62, 0),
(3595, 'H', 'H4', 62, 0),
(3596, 'H', 'H5', 62, 0),
(3597, 'H', 'H6', 62, 0),
(3598, 'H', 'H7', 62, 0),
(3599, 'H', 'H8', 62, 0),
(3600, 'H', 'H9', 62, 0),
(3601, 'H', 'H10', 62, 0);

-- --------------------------------------------------------

--
-- Table structure for table `showings`
--

CREATE TABLE `showings` (
  `showings_id` int(11) NOT NULL,
  `showings_name_movie` int(11) NOT NULL,
  `showings_room` int(11) NOT NULL,
  `showings_time` datetime NOT NULL
) ENGINE=InnoDB DEFAULT CHARSET=utf8 COLLATE=utf8_general_ci;

--
-- Dumping data for table `showings`
--

INSERT INTO `showings` (`showings_id`, `showings_name_movie`, `showings_room`, `showings_time`) VALUES
(1, 1, 1, '2024-11-01 11:00:00'),
(2, 1, 2, '2024-11-20 15:00:00'),
(3, 1, 6, '2024-11-20 15:00:00'),
(4, 1, 7, '2024-11-20 15:00:00'),
(5, 1, 8, '2024-11-20 15:00:00'),
(6, 1, 9, '2024-11-20 15:00:00'),
(7, 1, 10, '2024-11-20 15:00:00'),
(8, 1, 11, '2024-11-20 15:00:00'),
(9, 1, 12, '2024-11-20 15:00:00'),
(10, 1, 13, '2024-11-20 15:00:00'),
(11, 1, 14, '2024-11-20 15:00:00'),
(12, 1, 15, '2024-11-20 15:00:00'),
(13, 1, 16, '2024-11-20 15:00:00'),
(14, 1, 17, '2024-11-20 15:00:00'),
(15, 1, 18, '2024-11-20 15:00:00'),
(16, 1, 19, '2020-04-09 23:00:00'),
(17, 1, 20, '2020-04-09 23:00:00'),
(18, 1, 21, '2024-11-20 15:00:00'),
(19, 1, 22, '2020-04-09 23:00:00'),
(20, 1, 23, '2024-11-20 15:00:00'),
(21, 1, 24, '2024-11-20 15:00:00'),
(22, 1, 25, '2024-11-20 15:00:00'),
(23, 1, 26, '2024-11-20 17:00:00'),
(26, 11, 29, '2024-11-20 15:00:00'),
(27, 4, 1, '2024-11-12 15:00:00'),
(31, 8, 37, '2024-11-20 20:00:00'),
(32, 16, 38, '2026-11-20 12:00:00'),
(33, 5, 39, '2024-12-01 19:00:00'),
(34, 5, 40, '2024-12-01 19:00:00'),
(35, 5, 41, '2024-12-01 19:00:00'),
(36, 3, 42, '2024-12-01 19:00:00'),
(37, 3, 43, '2024-12-01 19:00:00'),
(38, 14, 44, '2024-12-01 19:00:00'),
(39, 14, 45, '2024-12-01 19:00:00'),
(40, 5, 46, '2024-12-01 19:00:00'),
(41, 5, 47, '2024-12-01 19:00:00'),
(42, 5, 48, '2024-12-01 19:00:00'),
(43, 10, 49, '2024-12-01 19:00:00'),
(44, 15, 50, '2024-12-10 19:00:00'),
(45, 17, 51, '2024-12-10 19:00:00'),
(46, 17, 52, '2024-12-10 19:00:00'),
(47, 17, 53, '2024-12-10 19:00:00'),
(49, 1, 1, '2024-12-22 11:00:00'),
(50, 1, 1, '2024-12-22 11:00:00'),
(51, 1, 1, '2024-12-22 11:00:00'),
(52, 1, 1, '2024-12-22 11:00:00'),
(53, 1, 1, '2024-12-22 11:00:00'),
(54, 1, 1, '2024-12-22 11:00:00'),
(55, 1, 1, '2024-12-22 11:00:00'),
(56, 1, 1, '2024-12-22 11:00:00'),
(57, 3, 33, '2024-12-22 16:12:00'),
(58, 3, 33, '2024-12-22 16:12:00'),
(59, 4, 8, '2024-12-22 07:22:00'),
(60, 3, 58, '0000-00-00 00:00:00'),
(61, 10, 59, '2024-12-25 20:00:00'),
(62, 10, 60, '2024-12-25 20:00:00'),
(63, 19, 61, '2024-12-25 20:00:00'),
(64, 24, 62, '2024-12-29 20:00:00');

-- --------------------------------------------------------

--
-- Table structure for table `sidleshow`
--

CREATE TABLE `sidleshow` (
  `slideshow_id` int(11) NOT NULL,
  `slideshow_img` text NOT NULL,
  `slideshow_order` int(11) NOT NULL
) ENGINE=InnoDB DEFAULT CHARSET=utf8 COLLATE=utf8_general_ci;

--
-- Dumping data for table `sidleshow`
--

INSERT INTO `sidleshow` (`slideshow_id`, `slideshow_img`, `slideshow_order`) VALUES
(2, './img/980x448_29_.jpg', 1),
(3, './img/980x448_31_.jpg', 2),
(4, './img/980-x-448-cgv.jpg', 3),
(5, './img/980x448_32_.jpg', 4),
(6, './img/onl_980x448_roliing.png', 5),
(7, './img/980x448_34_-min.jpg', 6);

-- --------------------------------------------------------

--
-- Table structure for table `thanh_toan`
--

CREATE TABLE `thanh_toan` (
  `id_tt` int(11) NOT NULL,
  `id_user` int(11) DEFAULT NULL,
  `movie_id` int(11) DEFAULT NULL,
  `booking_tk` varchar(10) DEFAULT NULL,
  `ngay_tao` timestamp NOT NULL DEFAULT current_timestamp(),
  `trang_thai_tt` tinyint(1) NOT NULL DEFAULT 0,
  `hinhthuctt` varchar(20) DEFAULT NULL
) ENGINE=InnoDB DEFAULT CHARSET=utf8mb4 COLLATE=utf8mb4_general_ci;

-- --------------------------------------------------------

--
-- Table structure for table `theaters`
--

CREATE TABLE `theaters` (
  `theaters_id` int(11) NOT NULL,
  `theaters_name` varchar(100) NOT NULL,
  `theaters_address` varchar(300) NOT NULL,
  `theaters_city` varchar(50) NOT NULL,
  `theaters_mail` varchar(100) NOT NULL,
  `theaters_phone` varchar(11) NOT NULL
) ENGINE=InnoDB DEFAULT CHARSET=utf8 COLLATE=utf8_general_ci;

--
-- Dumping data for table `theaters`
--

INSERT INTO `theaters` (`theaters_id`, `theaters_name`, `theaters_address`, `theaters_city`, `theaters_mail`, `theaters_phone`) VALUES
(1, 'CGV Vivo City', 'Lầu 5, Trung tâm thương mại SC VivoCity - 1058 Nguyễn Văn Linh, Quận 7', 'Hồ Chí Minh', 'CGVvivo@cgv.vn', '1900 6017'),
(2, 'CGV Crescent Mall', 'Lầu 5, Crescent Mall Đại lộ Nguyễn Văn Linh, Phú Mỹ Hưng Quận 7 TP. Hồ Chí Minh\r\n', 'Hồ Chí Minh', 'CGVcm@cgv.vn', '1900 6017'),
(3, 'CGV Aeon Tân Phú', 'Lầu 3, Aeon Mall 30 Bờ Bao Tân Thắng, P. Sơn Kỳ Quận Tân Phú TP. Hồ Chí Minh', 'Hồ Chí Minh', 'CGVAeon@cgv.vn', '1900 6017'),
(4, 'CGV Parkson Đồng Khởi', 'Tầng 5, số 35 bis-45, đường Lê Thánh Tôn, Phường Bến Nghé, Quận 1, Tp. Hồ Chí Minh, Việt Nam', 'Hồ Chí Minh', 'CGVParkson@cgv.vn', '1900 6017'),
(5, 'CGV Vincom Center Bà Triệu', 'Tầng 6, Toà nhà VinCom Center Hà Nội 191 đường Bà Triệu Quận Hai Bà Trưng Hà Nội', 'Hà Nội', 'CGVVin@cgv.vn', '1900 6017'),
(6, 'CGV Artemis Hà Nội', 'Tầng 6, Tòa nhà Artemis, số 3, Lê Trọng Tấn, Phường Khương Mai, Quận Thanh Xuân, Thành phố Hà Nội', 'Hà Nội', 'CGVArtemis@cgv.vn', '1900 6017'),
(7, 'CGV Vincom Center Times City', 'Tầng B1, TTTM Vincom Mega Mall Times City, 458 Minh Khai, Hai Bà Trưng, Hà Nội', 'Hà Nội', 'CGVVin@cgv.vn', '1900 6017'),
(8, 'CGV Mipec Tower', 'Tầng 5, MIPEC Tower 229 Tây Sơn Quận Đống Đa, Hà Nội', 'Hà Nội', 'CGVMipec@cgv.vn', '1900 6017'),
(9, 'CGV Vĩnh Trung Plaza', '255-257 đường Hùng Vương Quận Thanh Khê Tp. Đà Nẵng', 'Đà Nẵng', 'CGVDN@cgv.vn', '1900 6017'),
(10, 'CGV Vincom Đà Nẵng', 'Tầng 4, TTTM Vincom Đà Nẵng, đường Ngô Quyền, P.An Hải Bắc, Q.Sơn Trà, TP. Đà Nẵng', 'Đà Nẵng', 'CGVDN@cgv.vn', '1900 6017'),
(11, 'CGV Thùy Dương Plaza', 'Tầng 5, TD Plaza Ngã 5 sân bay Cát Bi, đường Lê Hồng Phong Quận Ngô Quyền Tp. Hải Phòng', 'Hải Phòng', 'CGVHP@cgv.vn', '1900 6017'),
(12, 'CGV Vincom Hải Phòng', 'Tầng 4 , TTTM Vincom Plaza Imperia Hải Phòng, Khu đô Thị Vinhomes Imperia , Phường Thượng Lý, Quận Hồng Bàng , Hải Phòng.', 'Hải Phòng', 'CGVHP@cgv.vn', '1900 6017'),
(13, 'CGV Vincom Vĩnh Long', 'Tầng 4, Trung Tâm Thương Mại Vincom Plaza Vĩnh Long. Số 55, đường Phạm Thái Bường, Phường 4, Thành phố Vĩnh Long', 'Vĩnh Long', 'cgvvlong@gmail.com', '1900 6017'),
(14, 'CGV Trà Vinh', 'Tầng 4, TTTM Vincom Plaza Trà Vinh, số 24 Đường Nguyễn Thị Minh Khai, Khóm 3, Phường 2, Thành phố Trà Vinh, Tỉnh Trà Vinh', 'Trà Vinh', 'cgvtv@gmail.com', '1900 6017'),
(15, 'CGV Sense City', 'Lầu 3, Sense City 1 Đại Lộ Hòa Bình Quận Ninh Kiều TP. Cần Thơ', 'Cần Thơ', 'cgvct@cgv.vn', '1900 6017'),
(16, 'CGV Vincom Xuân Khánh', 'Tầng 5, Tòa nhà 209, Đường 30/04, Phường Xuân Khánh, Quận Ninh Kiều, Tp. Cần Thơ', 'Cần Thơ', 'cgvxk@cgv.vn', '1900 6017'),
(17, 'CGV Vincom Hùng Vương', '02 Hùng Vương, Quận Ninh Kiều, TP. Cần Thơ', 'Cần Thơ', 'cgvhv@cgv.vn', '1900 6017'),
(18, 'CGV Vincom Sóc Trăng', 'Tầng 3 & 4, Vincom Sóc Trăng, đường Trần Hưng Đạo, P.2, TP. Sóc Trăng, Tỉnh Sóc Trăng', 'Sóc Trăng', 'cgvst@cgv.vn', '1900 6017');

-- --------------------------------------------------------

--
-- Table structure for table `users`
--

CREATE TABLE `users` (
  `user_id` int(11) NOT NULL,
  `user_email` varchar(30) NOT NULL,
  `user_password` varchar(200) NOT NULL,
  `use_code` text DEFAULT NULL
) ENGINE=InnoDB DEFAULT CHARSET=utf8 COLLATE=utf8_general_ci;

--
-- Dumping data for table `users`
--

INSERT INTO `users` (`user_id`, `user_email`, `user_password`, `use_code`) VALUES
(1, 'chinguyen29825@gmail.com', 'a45958517604f5cd90d6ee51ad9cfdb6', 'cpX0e8,'),
(5, 'test@gmail.com', 'f2708f5d5c1febf6530969c7fc4cfb46', NULL),
(6, 'admin@cgv.com', '21232f297a57a5a743894a0e4a801fc3', NULL),
(7, 'admin1@cgv.com', '21232f297a57a5a743894a0e4a801fc3', NULL),
(8, 'abc@gmail.com', '900150983cd24fb0d6963f7d28e17f72', NULL),
(9, 'chutieuphu@gmail.com', 'f2708f5d5c1febf6530969c7fc4cfb46', NULL),
(10, 'chinguyendzz@gmail.com', 'f2708f5d5c1febf6530969c7fc4cfb46', NULL),
(11, 'chinguyen211@gmail.com', 'f2708f5d5c1febf6530969c7fc4cfb46', NULL),
(12, 'abcdxyz@gmail.com', 'f4ac1a18dcdafff4eec67c6012916ddf', NULL),
(13, 'phuongvy@gmail.com', 'f8c876613ab86963a77388ff7922c869', NULL),
(14, 'abc1@gmail.com', '4297f44b13955235245b2497399d7a93', NULL),
(17, 'chinguyen@gmail.com', 'e10adc3949ba59abbe56e057f20f883e', NULL),
(18, 'ighost@gmail.com', 'e10adc3949ba59abbe56e057f20f883e', NULL),
(19, 'tah2k3@gmail.com', 'e10adc3949ba59abbe56e057f20f883e', 'TdRb18,7pyyy0,O0ch2f,a5yVrN,'),
(21, 'chinguyen29821@gmail.com', 'e10adc3949ba59abbe56e057f20f883e', 'cpX0e8,'),
(22, 'chinguyen29822@gmail.com', 'e10adc3949ba59abbe56e057f20f883e', 'Ik6arp,'),
(23, 'chinguyen298@gmail.com', 'e10adc3949ba59abbe56e057f20f883e', NULL);

-- --------------------------------------------------------

--
-- Table structure for table `users_info`
--

CREATE TABLE `users_info` (
  `users_info_id` int(11) NOT NULL,
  `users_info_name` varchar(50) NOT NULL,
  `users_info_age` int(3) NOT NULL,
  `users_info_gender` varchar(10) NOT NULL,
  `users_info_login` int(11) NOT NULL,
  `users_info_phone` varchar(15) NOT NULL DEFAULT ''
) ENGINE=InnoDB DEFAULT CHARSET=utf8 COLLATE=utf8_general_ci;

--
-- Dumping data for table `users_info`
--

INSERT INTO `users_info` (`users_info_id`, `users_info_name`, `users_info_age`, `users_info_gender`, `users_info_login`, `users_info_phone`) VALUES
(1, 'Chí Nguyện', 21, 'nam', 1, ''),
(2, 'Nguyễn Văn A', 69, 'Nam', 7, ''),
(3, 'Nguyễn Văn B', 23, 'N/A', 6, ''),
(4, 'Võ Thị A', 26, 'Nữ', 8, ''),
(6, 'Chú Tiều Phu', 34, 'Nam', 9, ''),
(8, 'Yasuo', 21, 'Nam', 10, ''),
(9, 'Nguyện nè', 23, 'Nam', 11, ''),
(10, 'A Bê Xê Đê Ít Y Dét', 18, 'hỏng biết', 12, ''),
(11, 'G Dragon', 22, 'Nam', 18, ''),
(12, 'Anh Hao', 25, 'nam', 19, ''),
(13, 'Việt Mỹ', 3, 'Nam', 22, '0000000000'),
(16, 'ROSE', 32, 'Nữ', 23, '090909090');

--
-- Indexes for dumped tables
--

--
-- Indexes for table `admin`
--
ALTER TABLE `admin`
  ADD PRIMARY KEY (`admin_id`);

--
-- Indexes for table `booking`
--
ALTER TABLE `booking`
  ADD PRIMARY KEY (`booking_id`),
  ADD KEY `booking_user` (`booking_user`),
  ADD KEY `booking_movie` (`booking_movie`),
  ADD KEY `booking_theater` (`booking_theater`);

--
-- Indexes for table `category_ticket`
--
ALTER TABLE `category_ticket`
  ADD PRIMARY KEY (`id`);

--
-- Indexes for table `code_khuyen_mai`
--
ALTER TABLE `code_khuyen_mai`
  ADD PRIMARY KEY (`id_khuyen_mai`),
  ADD UNIQUE KEY `ma_so_khuyen_mai` (`ma_so_khuyen_mai`);

--
-- Indexes for table `dat_nhieu_ve`
--
ALTER TABLE `dat_nhieu_ve`
  ADD PRIMARY KEY (`id_dv`);

--
-- Indexes for table `food`
--
ALTER TABLE `food`
  ADD PRIMARY KEY (`food_id`),
  ADD UNIQUE KEY `food_name` (`food_name`);

--
-- Indexes for table `movie`
--
ALTER TABLE `movie`
  ADD PRIMARY KEY (`movie_id`),
  ADD KEY `fk_theaters` (`id_theaters`);

--
-- Indexes for table `news`
--
ALTER TABLE `news`
  ADD PRIMARY KEY (`news_id`);

--
-- Indexes for table `port_duphong`
--
ALTER TABLE `port_duphong`
  ADD PRIMARY KEY (`id`);

--
-- Indexes for table `room`
--
ALTER TABLE `room`
  ADD PRIMARY KEY (`room_id`),
  ADD KEY `room_theater` (`room_theater`);

--
-- Indexes for table `seat`
--
ALTER TABLE `seat`
  ADD PRIMARY KEY (`seat_id`),
  ADD KEY `seat_room` (`seat_room`);

--
-- Indexes for table `showings`
--
ALTER TABLE `showings`
  ADD PRIMARY KEY (`showings_id`),
  ADD KEY `showings_name_movie` (`showings_name_movie`),
  ADD KEY `showings_room` (`showings_room`);

--
-- Indexes for table `sidleshow`
--
ALTER TABLE `sidleshow`
  ADD PRIMARY KEY (`slideshow_id`);

--
-- Indexes for table `thanh_toan`
--
ALTER TABLE `thanh_toan`
  ADD PRIMARY KEY (`id_tt`);

--
-- Indexes for table `theaters`
--
ALTER TABLE `theaters`
  ADD PRIMARY KEY (`theaters_id`);

--
-- Indexes for table `users`
--
ALTER TABLE `users`
  ADD PRIMARY KEY (`user_id`);

--
-- Indexes for table `users_info`
--
ALTER TABLE `users_info`
  ADD PRIMARY KEY (`users_info_id`),
  ADD UNIQUE KEY `users_info_login` (`users_info_login`);

--
-- AUTO_INCREMENT for dumped tables
--

--
-- AUTO_INCREMENT for table `admin`
--
ALTER TABLE `admin`
  MODIFY `admin_id` int(11) NOT NULL AUTO_INCREMENT, AUTO_INCREMENT=6;

--
-- AUTO_INCREMENT for table `booking`
--
ALTER TABLE `booking`
  MODIFY `booking_id` int(11) NOT NULL AUTO_INCREMENT, AUTO_INCREMENT=122;

--
-- AUTO_INCREMENT for table `category_ticket`
--
ALTER TABLE `category_ticket`
  MODIFY `id` int(11) NOT NULL AUTO_INCREMENT, AUTO_INCREMENT=3;

--
-- AUTO_INCREMENT for table `code_khuyen_mai`
--
ALTER TABLE `code_khuyen_mai`
  MODIFY `id_khuyen_mai` int(11) NOT NULL AUTO_INCREMENT, AUTO_INCREMENT=18;

--
-- AUTO_INCREMENT for table `dat_nhieu_ve`
--
ALTER TABLE `dat_nhieu_ve`
  MODIFY `id_dv` int(11) NOT NULL AUTO_INCREMENT;

--
-- AUTO_INCREMENT for table `food`
--
ALTER TABLE `food`
  MODIFY `food_id` int(11) NOT NULL AUTO_INCREMENT, AUTO_INCREMENT=4;

--
-- AUTO_INCREMENT for table `movie`
--
ALTER TABLE `movie`
  MODIFY `movie_id` int(11) NOT NULL AUTO_INCREMENT, AUTO_INCREMENT=25;

--
-- AUTO_INCREMENT for table `news`
--
ALTER TABLE `news`
  MODIFY `news_id` int(11) NOT NULL AUTO_INCREMENT, AUTO_INCREMENT=26;

--
-- AUTO_INCREMENT for table `port_duphong`
--
ALTER TABLE `port_duphong`
  MODIFY `id` int(11) NOT NULL AUTO_INCREMENT, AUTO_INCREMENT=127;

--
-- AUTO_INCREMENT for table `room`
--
ALTER TABLE `room`
  MODIFY `room_id` int(11) NOT NULL AUTO_INCREMENT, AUTO_INCREMENT=63;

--
-- AUTO_INCREMENT for table `seat`
--
ALTER TABLE `seat`
  MODIFY `seat_id` int(11) NOT NULL AUTO_INCREMENT, AUTO_INCREMENT=3602;

--
-- AUTO_INCREMENT for table `showings`
--
ALTER TABLE `showings`
  MODIFY `showings_id` int(11) NOT NULL AUTO_INCREMENT, AUTO_INCREMENT=65;

--
-- AUTO_INCREMENT for table `sidleshow`
--
ALTER TABLE `sidleshow`
  MODIFY `slideshow_id` int(11) NOT NULL AUTO_INCREMENT, AUTO_INCREMENT=8;

--
-- AUTO_INCREMENT for table `thanh_toan`
--
ALTER TABLE `thanh_toan`
  MODIFY `id_tt` int(11) NOT NULL AUTO_INCREMENT;

--
-- AUTO_INCREMENT for table `theaters`
--
ALTER TABLE `theaters`
  MODIFY `theaters_id` int(11) NOT NULL AUTO_INCREMENT, AUTO_INCREMENT=19;

--
-- AUTO_INCREMENT for table `users`
--
ALTER TABLE `users`
  MODIFY `user_id` int(11) NOT NULL AUTO_INCREMENT, AUTO_INCREMENT=24;

--
-- AUTO_INCREMENT for table `users_info`
--
ALTER TABLE `users_info`
  MODIFY `users_info_id` int(11) NOT NULL AUTO_INCREMENT, AUTO_INCREMENT=17;

--
-- Constraints for dumped tables
--

--
-- Constraints for table `booking`
--
ALTER TABLE `booking`
  ADD CONSTRAINT `booking_ibfk_1` FOREIGN KEY (`booking_user`) REFERENCES `users` (`user_id`),
  ADD CONSTRAINT `booking_ibfk_2` FOREIGN KEY (`booking_movie`) REFERENCES `movie` (`movie_id`),
  ADD CONSTRAINT `booking_ibfk_3` FOREIGN KEY (`booking_theater`) REFERENCES `theaters` (`theaters_id`);

--
-- Constraints for table `movie`
--
ALTER TABLE `movie`
  ADD CONSTRAINT `fk_theaters` FOREIGN KEY (`id_theaters`) REFERENCES `theaters` (`theaters_id`);

--
-- Constraints for table `room`
--
ALTER TABLE `room`
  ADD CONSTRAINT `room_ibfk_1` FOREIGN KEY (`room_theater`) REFERENCES `theaters` (`theaters_id`);

--
-- Constraints for table `seat`
--
ALTER TABLE `seat`
  ADD CONSTRAINT `seat_ibfk_1` FOREIGN KEY (`seat_room`) REFERENCES `room` (`room_id`);

--
-- Constraints for table `showings`
--
ALTER TABLE `showings`
  ADD CONSTRAINT `showings_ibfk_1` FOREIGN KEY (`showings_name_movie`) REFERENCES `movie` (`movie_id`),
  ADD CONSTRAINT `showings_ibfk_2` FOREIGN KEY (`showings_room`) REFERENCES `room` (`room_id`);

--
-- Constraints for table `users_info`
--
ALTER TABLE `users_info`
  ADD CONSTRAINT `users_info_ibfk_1` FOREIGN KEY (`users_info_login`) REFERENCES `users` (`user_id`);
COMMIT;

/*!40101 SET CHARACTER_SET_CLIENT=@OLD_CHARACTER_SET_CLIENT */;
/*!40101 SET CHARACTER_SET_RESULTS=@OLD_CHARACTER_SET_RESULTS */;
/*!40101 SET COLLATION_CONNECTION=@OLD_COLLATION_CONNECTION */;
